joint,class,quantity,stat,case,offset_mm,coupling,dev_vs_C25_%
J3,dowel,MISES,max,D0,0,distributing,30.5
J3,dowel,MISES,max,D1,30,distributing,24.9
J3,dowel,MISES,max,D2,90,distributing,18.6
J3,dowel,MISES,max,D3,150,distributing,16.3
J3,dowel,MISES,max,D4,210,distributing,14.2
J3,dowel,MISES,max,D5,270,distributing,12.9
J3,dowel,MISES,max,D6,300,distributing,12.4
J3,dowel,MISES,max,D3K,150,kinematic,10.5
J3,dowel,MISES,mean,D0,0,distributing,-6.2
J3,dowel,MISES,mean,D1,30,distributing,-8.5
J3,dowel,MISES,mean,D2,90,distributing,-10.5
J3,dowel,MISES,mean,D3,150,distributing,-11.3
J3,dowel,MISES,mean,D4,210,distributing,-12
J3,dowel,MISES,mean,D5,270,distributing,-12.4
J3,dowel,MISES,mean,D6,300,distributing,-12.5
J3,dowel,MISES,mean,D3K,150,kinematic,-13.9
J3,dowel,MISES,p95,D0,0,distributing,-0.6
J3,dowel,MISES,p95,D1,30,distributing,-1.5
J3,dowel,MISES,p95,D2,90,distributing,-2.6
J3,dowel,MISES,p95,D3,150,distributing,-3
J3,dowel,MISES,p95,D4,210,distributing,-3.5
J3,dowel,MISES,p95,D5,270,distributing,-3.9
J3,dowel,MISES,p95,D6,300,distributing,-4
J3,dowel,MISES,p95,D3K,150,kinematic,-4
J3,dowel,S11,max,D0,0,distributing,24.8
J3,dowel,S11,max,D1,30,distributing,19.5
J3,dowel,S11,max,D2,90,distributing,13.5
J3,dowel,S11,max,D3,150,distributing,11.3
J3,dowel,S11,max,D4,210,distributing,9.3
J3,dowel,S11,max,D5,270,distributing,8
J3,dowel,S11,max,D6,300,distributing,7.6
J3,dowel,S11,max,D3K,150,kinematic,5.8
J3,dowel,S11,mean,D0,0,distributing,-287.4
J3,dowel,S11,mean,D1,30,distributing,-218.2
J3,dowel,S11,mean,D2,90,distributing,-132.3
J3,dowel,S11,mean,D3,150,distributing,-93.8
J3,dowel,S11,mean,D4,210,distributing,-52.4
J3,dowel,S11,mean,D5,270,distributing,-22
J3,dowel,S11,mean,D6,300,distributing,-10
J3,dowel,S11,mean,D3K,150,kinematic,34.4
J3,dowel,S11,mean_abs,D0,0,distributing,-6.6
J3,dowel,S11,mean_abs,D1,30,distributing,-8.6
J3,dowel,S11,mean_abs,D2,90,distributing,-10.4
J3,dowel,S11,mean_abs,D3,150,distributing,-11.1
J3,dowel,S11,mean_abs,D4,210,distributing,-11.6
J3,dowel,S11,mean_abs,D5,270,distributing,-12
J3,dowel,S11,mean_abs,D6,300,distributing,-12.1
J3,dowel,S11,mean_abs,D3K,150,kinematic,-13.3
J3,dowel,S11,min,D0,0,distributing,-30.7
J3,dowel,S11,min,D1,30,distributing,-25.2
J3,dowel,S11,min,D2,90,distributing,-18.9
J3,dowel,S11,min,D3,150,distributing,-16.5
J3,dowel,S11,min,D4,210,distributing,-14.4
J3,dowel,S11,min,D5,270,distributing,-13.1
J3,dowel,S11,min,D6,300,distributing,-12.7
J3,dowel,S11,min,D3K,150,kinematic,-10.8
J3,dowel,S11,p05,D0,0,distributing,11.2
J3,dowel,S11,p05,D1,30,distributing,13.4
J3,dowel,S11,p05,D2,90,distributing,14.7
J3,dowel,S11,p05,D3,150,distributing,15.5
J3,dowel,S11,p05,D4,210,distributing,16.3
J3,dowel,S11,p05,D5,270,distributing,17.2
J3,dowel,S11,p05,D6,300,distributing,17.4
J3,dowel,S11,p05,D3K,150,kinematic,18.1
J3,dowel,S11,p95,D0,0,distributing,-10.2
J3,dowel,S11,p95,D1,30,distributing,-12.5
J3,dowel,S11,p95,D2,90,distributing,-13.8
J3,dowel,S11,p95,D3,150,distributing,-15.5
J3,dowel,S11,p95,D4,210,distributing,-15.7
J3,dowel,S11,p95,D5,270,distributing,-15.7
J3,dowel,S11,p95,D6,300,distributing,-15.7
J3,dowel,S11,p95,D3K,150,kinematic,-16.5
J3,steel_corner,MISES,max,D0,0,distributing,-2.9
J3,steel_corner,MISES,max,D1,30,distributing,-1.9
J3,steel_corner,MISES,max,D2,90,distributing,-0.1
J3,steel_corner,MISES,max,D3,150,distributing,0.8
J3,steel_corner,MISES,max,D4,210,distributing,1.2
J3,steel_corner,MISES,max,D5,270,distributing,1.5
J3,steel_corner,MISES,max,D6,300,distributing,1.6
J3,steel_corner,MISES,max,D3K,150,kinematic,1.8
J3,steel_corner,MISES,mean,D0,0,distributing,-1.3
J3,steel_corner,MISES,mean,D1,30,distributing,-0.7
J3,steel_corner,MISES,mean,D2,90,distributing,0.8
J3,steel_corner,MISES,mean,D3,150,distributing,1.6
J3,steel_corner,MISES,mean,D4,210,distributing,2
J3,steel_corner,MISES,mean,D5,270,distributing,2.3
J3,steel_corner,MISES,mean,D6,300,distributing,2.4
J3,steel_corner,MISES,mean,D3K,150,kinematic,2.5
J3,steel_corner,MISES,p95,D0,0,distributing,-1
J3,steel_corner,MISES,p95,D1,30,distributing,-0.5
J3,steel_corner,MISES,p95,D2,90,distributing,0.9
J3,steel_corner,MISES,p95,D3,150,distributing,1.7
J3,steel_corner,MISES,p95,D4,210,distributing,2.1
J3,steel_corner,MISES,p95,D5,270,distributing,2.3
J3,steel_corner,MISES,p95,D6,300,distributing,2.4
J3,steel_corner,MISES,p95,D3K,150,kinematic,2.5
J3,steel_corner,S11,max,D0,0,distributing,-1.9
J3,steel_corner,S11,max,D1,30,distributing,-1.2
J3,steel_corner,S11,max,D2,90,distributing,0.3
J3,steel_corner,S11,max,D3,150,distributing,1
J3,steel_corner,S11,max,D4,210,distributing,1.5
J3,steel_corner,S11,max,D5,270,distributing,1.7
J3,steel_corner,S11,max,D6,300,distributing,1.8
J3,steel_corner,S11,max,D3K,150,kinematic,2
J3,steel_corner,S11,mean,D0,0,distributing,32.3
J3,steel_corner,S11,mean,D1,30,distributing,29.8
J3,steel_corner,S11,mean,D2,90,distributing,23.8
J3,steel_corner,S11,mean,D3,150,distributing,19.9
J3,steel_corner,S11,mean,D4,210,distributing,14.4
J3,steel_corner,S11,mean,D5,270,distributing,10.2
J3,steel_corner,S11,mean,D6,300,distributing,8.6
J3,steel_corner,S11,mean,D3K,150,kinematic,-0.8
J3,steel_corner,S11,mean_abs,D0,0,distributing,-2.2
J3,steel_corner,S11,mean_abs,D1,30,distributing,-1.4
J3,steel_corner,S11,mean_abs,D2,90,distributing,0.4
J3,steel_corner,S11,mean_abs,D3,150,distributing,1.3
J3,steel_corner,S11,mean_abs,D4,210,distributing,1.8
J3,steel_corner,S11,mean_abs,D5,270,distributing,2.2
J3,steel_corner,S11,mean_abs,D6,300,distributing,2.3
J3,steel_corner,S11,mean_abs,D3K,150,kinematic,2.6
J3,steel_corner,S11,min,D0,0,distributing,-1.1
J3,steel_corner,S11,min,D1,30,distributing,-1.3
J3,steel_corner,S11,min,D2,90,distributing,-2.2
J3,steel_corner,S11,min,D3,150,distributing,-2.6
J3,steel_corner,S11,min,D4,210,distributing,-2.9
J3,steel_corner,S11,min,D5,270,distributing,-3.1
J3,steel_corner,S11,min,D6,300,distributing,-3.1
J3,steel_corner,S11,min,D3K,150,kinematic,-3
J3,steel_corner,S11,p05,D0,0,distributing,1.6
J3,steel_corner,S11,p05,D1,30,distributing,0.9
J3,steel_corner,S11,p05,D2,90,distributing,-0.6
J3,steel_corner,S11,p05,D3,150,distributing,-1.4
J3,steel_corner,S11,p05,D4,210,distributing,-1.8
J3,steel_corner,S11,p05,D5,270,distributing,-2.1
J3,steel_corner,S11,p05,D6,300,distributing,-2.2
J3,steel_corner,S11,p05,D3K,150,kinematic,-2.4
J3,steel_corner,S11,p95,D0,0,distributing,-2.2
J3,steel_corner,S11,p95,D1,30,distributing,-1.1
J3,steel_corner,S11,p95,D2,90,distributing,0.5
J3,steel_corner,S11,p95,D3,150,distributing,1.4
J3,steel_corner,S11,p95,D4,210,distributing,1.9
J3,steel_corner,S11,p95,D5,270,distributing,2.2
J3,steel_corner,S11,p95,D6,300,distributing,2.3
J3,steel_corner,S11,p95,D3K,150,kinematic,2.3
J3,steel_inter,MISES,max,D0,0,distributing,85.5
J3,steel_inter,MISES,max,D1,30,distributing,77.1
J3,steel_inter,MISES,max,D2,90,distributing,67.6
J3,steel_inter,MISES,max,D3,150,distributing,64.4
J3,steel_inter,MISES,max,D4,210,distributing,61.1
J3,steel_inter,MISES,max,D5,270,distributing,59.1
J3,steel_inter,MISES,max,D6,300,distributing,58.4
J3,steel_inter,MISES,max,D3K,150,kinematic,55.7
J3,steel_inter,MISES,mean,D0,0,distributing,44.6
J3,steel_inter,MISES,mean,D1,30,distributing,36.9
J3,steel_inter,MISES,mean,D2,90,distributing,28.4
J3,steel_inter,MISES,mean,D3,150,distributing,25.1
J3,steel_inter,MISES,mean,D4,210,distributing,22.4
J3,steel_inter,MISES,mean,D5,270,distributing,20.8
J3,steel_inter,MISES,mean,D6,300,distributing,20.3
J3,steel_inter,MISES,mean,D3K,150,kinematic,17.8
J3,steel_inter,MISES,p95,D0,0,distributing,51.5
J3,steel_inter,MISES,p95,D1,30,distributing,42.2
J3,steel_inter,MISES,p95,D2,90,distributing,33.1
J3,steel_inter,MISES,p95,D3,150,distributing,29.8
J3,steel_inter,MISES,p95,D4,210,distributing,27
J3,steel_inter,MISES,p95,D5,270,distributing,25.2
J3,steel_inter,MISES,p95,D6,300,distributing,24.6
J3,steel_inter,MISES,p95,D3K,150,kinematic,22.3
J3,steel_inter,S11,max,D0,0,distributing,-5
J3,steel_inter,S11,max,D1,30,distributing,-9.2
J3,steel_inter,S11,max,D2,90,distributing,-13.6
J3,steel_inter,S11,max,D3,150,distributing,-15.1
J3,steel_inter,S11,max,D4,210,distributing,-16.7
J3,steel_inter,S11,max,D5,270,distributing,-17.6
J3,steel_inter,S11,max,D6,300,distributing,-17.9
J3,steel_inter,S11,max,D3K,150,kinematic,-19.1
J3,steel_inter,S11,mean,D0,0,distributing,-47.7
J3,steel_inter,S11,mean,D1,30,distributing,-98.2
J3,steel_inter,S11,mean,D2,90,distributing,-118.1
J3,steel_inter,S11,mean,D3,150,distributing,-79.8
J3,steel_inter,S11,mean,D4,210,distributing,-72.5
J3,steel_inter,S11,mean,D5,270,distributing,-68.6
J3,steel_inter,S11,mean,D6,300,distributing,-67.8
J3,steel_inter,S11,mean,D3K,150,kinematic,9
J3,steel_inter,S11,mean_abs,D0,0,distributing,21.2
J3,steel_inter,S11,mean_abs,D1,30,distributing,11.9
J3,steel_inter,S11,mean_abs,D2,90,distributing,2.9
J3,steel_inter,S11,mean_abs,D3,150,distributing,-0
J3,steel_inter,S11,mean_abs,D4,210,distributing,-2.6
J3,steel_inter,S11,mean_abs,D5,270,distributing,-4.1
J3,steel_inter,S11,mean_abs,D6,300,distributing,-4.6
J3,steel_inter,S11,mean_abs,D3K,150,kinematic,-6.4
J3,steel_inter,S11,min,D0,0,distributing,-14.4
J3,steel_inter,S11,min,D1,30,distributing,-11.6
J3,steel_inter,S11,min,D2,90,distributing,-8
J3,steel_inter,S11,min,D3,150,distributing,-10
J3,steel_inter,S11,min,D4,210,distributing,-6.7
J3,steel_inter,S11,min,D5,270,distributing,-4.6
J3,steel_inter,S11,min,D6,300,distributing,-3.9
J3,steel_inter,S11,min,D3K,150,kinematic,-2.6
J3,steel_inter,S11,p05,D0,0,distributing,-14.9
J3,steel_inter,S11,p05,D1,30,distributing,-8.1
J3,steel_inter,S11,p05,D2,90,distributing,-1.5
J3,steel_inter,S11,p05,D3,150,distributing,1.2
J3,steel_inter,S11,p05,D4,210,distributing,3.1
J3,steel_inter,S11,p05,D5,270,distributing,4.3
J3,steel_inter,S11,p05,D6,300,distributing,4.8
J3,steel_inter,S11,p05,D3K,150,kinematic,7.3
J3,steel_inter,S11,p95,D0,0,distributing,32.6
J3,steel_inter,S11,p95,D1,30,distributing,21
J3,steel_inter,S11,p95,D2,90,distributing,7.4
J3,steel_inter,S11,p95,D3,150,distributing,3.1
J3,steel_inter,S11,p95,D4,210,distributing,0.3
J3,steel_inter,S11,p95,D5,270,distributing,-1.2
J3,steel_inter,S11,p95,D6,300,distributing,-1.8
J3,steel_inter,S11,p95,D3K,150,kinematic,-3.3
J3,timber,MISES,max,D0,0,distributing,-9.5
J3,timber,MISES,max,D1,30,distributing,-12.9
J3,timber,MISES,max,D2,90,distributing,-6.2
J3,timber,MISES,max,D3,150,distributing,-2.9
J3,timber,MISES,max,D4,210,distributing,-1.5
J3,timber,MISES,max,D5,270,distributing,-0.8
J3,timber,MISES,max,D6,300,distributing,-0.6
J3,timber,MISES,max,D3K,150,kinematic,1
J3,timber,MISES,mean,D0,0,distributing,3.2
J3,timber,MISES,mean,D1,30,distributing,2.2
J3,timber,MISES,mean,D2,90,distributing,1.8
J3,timber,MISES,mean,D3,150,distributing,1.9
J3,timber,MISES,mean,D4,210,distributing,1.8
J3,timber,MISES,mean,D5,270,distributing,1.6
J3,timber,MISES,mean,D6,300,distributing,1.4
J3,timber,MISES,mean,D3K,150,kinematic,3.1
J3,timber,MISES,p95,D0,0,distributing,3.3
J3,timber,MISES,p95,D1,30,distributing,2.2
J3,timber,MISES,p95,D2,90,distributing,1.9
J3,timber,MISES,p95,D3,150,distributing,2.3
J3,timber,MISES,p95,D4,210,distributing,1.8
J3,timber,MISES,p95,D5,270,distributing,1.4
J3,timber,MISES,p95,D6,300,distributing,1.2
J3,timber,MISES,p95,D3K,150,kinematic,3.3
J3,timber,S11,max,D0,0,distributing,-9.4
J3,timber,S11,max,D1,30,distributing,-12.2
J3,timber,S11,max,D2,90,distributing,-5.9
J3,timber,S11,max,D3,150,distributing,-2.7
J3,timber,S11,max,D4,210,distributing,-1.4
J3,timber,S11,max,D5,270,distributing,-0.7
J3,timber,S11,max,D6,300,distributing,-0.5
J3,timber,S11,max,D3K,150,kinematic,0.9
J3,timber,S11,mean,D0,0,distributing,3.4
J3,timber,S11,mean,D1,30,distributing,1.7
J3,timber,S11,mean,D2,90,distributing,-0
J3,timber,S11,mean,D3,150,distributing,-1.4
J3,timber,S11,mean,D4,210,distributing,-2
J3,timber,S11,mean,D5,270,distributing,-2.2
J3,timber,S11,mean,D6,300,distributing,-2.3
J3,timber,S11,mean,D3K,150,kinematic,-1.5
J3,timber,S11,mean_abs,D0,0,distributing,-1.8
J3,timber,S11,mean_abs,D1,30,distributing,-1.5
J3,timber,S11,mean_abs,D2,90,distributing,-0
J3,timber,S11,mean_abs,D3,150,distributing,1.1
J3,timber,S11,mean_abs,D4,210,distributing,1.7
J3,timber,S11,mean_abs,D5,270,distributing,2
J3,timber,S11,mean_abs,D6,300,distributing,2
J3,timber,S11,mean_abs,D3K,150,kinematic,4.7
J3,timber,S11,min,D0,0,distributing,14.7
J3,timber,S11,min,D1,30,distributing,12.5
J3,timber,S11,min,D2,90,distributing,7
J3,timber,S11,min,D3,150,distributing,4.1
J3,timber,S11,min,D4,210,distributing,2.3
J3,timber,S11,min,D5,270,distributing,1.3
J3,timber,S11,min,D6,300,distributing,1
J3,timber,S11,min,D3K,150,kinematic,-1
J3,timber,S11,p05,D0,0,distributing,1.2
J3,timber,S11,p05,D1,30,distributing,0.8
J3,timber,S11,p05,D2,90,distributing,-0.3
J3,timber,S11,p05,D3,150,distributing,-0.7
J3,timber,S11,p05,D4,210,distributing,-1.3
J3,timber,S11,p05,D5,270,distributing,-2
J3,timber,S11,p05,D6,300,distributing,-1.8
J3,timber,S11,p05,D3K,150,kinematic,-6.3
J3,timber,S11,p95,D0,0,distributing,3
J3,timber,S11,p95,D1,30,distributing,3.5
J3,timber,S11,p95,D2,90,distributing,4
J3,timber,S11,p95,D3,150,distributing,3.8
J3,timber,S11,p95,D4,210,distributing,2.5
J3,timber,S11,p95,D5,270,distributing,1.7
J3,timber,S11,p95,D6,300,distributing,1.6
J3,timber,S11,p95,D3K,150,kinematic,5.5
J3,timber,S22,max,D0,0,distributing,1.6
J3,timber,S22,max,D1,30,distributing,-3.7
J3,timber,S22,max,D2,90,distributing,-5.7
J3,timber,S22,max,D3,150,distributing,-6.1
J3,timber,S22,max,D4,210,distributing,-4.7
J3,timber,S22,max,D5,270,distributing,-3.3
J3,timber,S22,max,D6,300,distributing,-2.6
J3,timber,S22,max,D3K,150,kinematic,2.6
J3,timber,S22,mean,D0,0,distributing,689.8
J3,timber,S22,mean,D1,30,distributing,467.8
J3,timber,S22,mean,D2,90,distributing,274.8
J3,timber,S22,mean,D3,150,distributing,167
J3,timber,S22,mean,D4,210,distributing,92.3
J3,timber,S22,mean,D5,270,distributing,36.9
J3,timber,S22,mean,D6,300,distributing,14.9
J3,timber,S22,mean,D3K,150,kinematic,135
J3,timber,S22,mean_abs,D0,0,distributing,45.5
J3,timber,S22,mean_abs,D1,30,distributing,33.7
J3,timber,S22,mean_abs,D2,90,distributing,20.6
J3,timber,S22,mean_abs,D3,150,distributing,14.5
J3,timber,S22,mean_abs,D4,210,distributing,10.1
J3,timber,S22,mean_abs,D5,270,distributing,6.9
J3,timber,S22,mean_abs,D6,300,distributing,5.6
J3,timber,S22,mean_abs,D3K,150,kinematic,4.2
J3,timber,S22,min,D0,0,distributing,-31
J3,timber,S22,min,D1,30,distributing,-8.4
J3,timber,S22,min,D2,90,distributing,0.3
J3,timber,S22,min,D3,150,distributing,-0.5
J3,timber,S22,min,D4,210,distributing,0.2
J3,timber,S22,min,D5,270,distributing,0.9
J3,timber,S22,min,D6,300,distributing,0.8
J3,timber,S22,min,D3K,150,kinematic,-5.4
J3,timber,S22,p05,D0,0,distributing,-33.8
J3,timber,S22,p05,D1,30,distributing,-23.5
J3,timber,S22,p05,D2,90,distributing,-16
J3,timber,S22,p05,D3,150,distributing,-12.5
J3,timber,S22,p05,D4,210,distributing,-7.9
J3,timber,S22,p05,D5,270,distributing,-5.1
J3,timber,S22,p05,D6,300,distributing,-3.8
J3,timber,S22,p05,D3K,150,kinematic,-1.7
J3,timber,S22,p95,D0,0,distributing,41.7
J3,timber,S22,p95,D1,30,distributing,28
J3,timber,S22,p95,D2,90,distributing,17.6
J3,timber,S22,p95,D3,150,distributing,12.7
J3,timber,S22,p95,D4,210,distributing,8.6
J3,timber,S22,p95,D5,270,distributing,5.2
J3,timber,S22,p95,D6,300,distributing,3.9
J3,timber,S22,p95,D3K,150,kinematic,2.5
J6,dowel,MISES,max,D0,0,distributing,-14.7
J6,dowel,MISES,max,D1,30,distributing,-10.5
J6,dowel,MISES,max,D2,90,distributing,-6.3
J6,dowel,MISES,max,D3,150,distributing,-4.7
J6,dowel,MISES,max,D4,210,distributing,-4
J6,dowel,MISES,max,D5,270,distributing,-3.7
J6,dowel,MISES,max,D6,300,distributing,-3.6
J6,dowel,MISES,max,D3K,150,kinematic,-3.2
J6,dowel,MISES,mean,D0,0,distributing,-9.6
J6,dowel,MISES,mean,D1,30,distributing,-8.9
J6,dowel,MISES,mean,D2,90,distributing,-8.2
J6,dowel,MISES,mean,D3,150,distributing,-7.8
J6,dowel,MISES,mean,D4,210,distributing,-7.6
J6,dowel,MISES,mean,D5,270,distributing,-7.5
J6,dowel,MISES,mean,D6,300,distributing,-7.5
J6,dowel,MISES,mean,D3K,150,kinematic,-8.3
J6,dowel,MISES,p95,D0,0,distributing,-7.6
J6,dowel,MISES,p95,D1,30,distributing,-7.3
J6,dowel,MISES,p95,D2,90,distributing,-4.9
J6,dowel,MISES,p95,D3,150,distributing,-3.4
J6,dowel,MISES,p95,D4,210,distributing,-3.5
J6,dowel,MISES,p95,D5,270,distributing,-3.9
J6,dowel,MISES,p95,D6,300,distributing,-4
J6,dowel,MISES,p95,D3K,150,kinematic,-4.7
J6,dowel,S11,max,D0,0,distributing,-14.8
J6,dowel,S11,max,D1,30,distributing,-10.5
J6,dowel,S11,max,D2,90,distributing,-6.3
J6,dowel,S11,max,D3,150,distributing,-4.6
J6,dowel,S11,max,D4,210,distributing,-3.9
J6,dowel,S11,max,D5,270,distributing,-3.6
J6,dowel,S11,max,D6,300,distributing,-3.6
J6,dowel,S11,max,D3K,150,kinematic,-3.2
J6,dowel,S11,mean,D0,0,distributing,288.5
J6,dowel,S11,mean,D1,30,distributing,252.1
J6,dowel,S11,mean,D2,90,distributing,178.7
J6,dowel,S11,mean,D3,150,distributing,118.6
J6,dowel,S11,mean,D4,210,distributing,74.1
J6,dowel,S11,mean,D5,270,distributing,43
J6,dowel,S11,mean,D6,300,distributing,31.4
J6,dowel,S11,mean,D3K,150,kinematic,-56.7
J6,dowel,S11,mean_abs,D0,0,distributing,-10.2
J6,dowel,S11,mean_abs,D1,30,distributing,-9.4
J6,dowel,S11,mean_abs,D2,90,distributing,-8.5
J6,dowel,S11,mean_abs,D3,150,distributing,-8.1
J6,dowel,S11,mean_abs,D4,210,distributing,-7.8
J6,dowel,S11,mean_abs,D5,270,distributing,-7.7
J6,dowel,S11,mean_abs,D6,300,distributing,-7.7
J6,dowel,S11,mean_abs,D3K,150,kinematic,-8.4
J6,dowel,S11,min,D0,0,distributing,15.8
J6,dowel,S11,min,D1,30,distributing,11.4
J6,dowel,S11,min,D2,90,distributing,6.8
J6,dowel,S11,min,D3,150,distributing,4.9
J6,dowel,S11,min,D4,210,distributing,4.1
J6,dowel,S11,min,D5,270,distributing,3.8
J6,dowel,S11,min,D6,300,distributing,3.7
J6,dowel,S11,min,D3K,150,kinematic,3.1
J6,dowel,S11,p05,D0,0,distributing,-10.3
J6,dowel,S11,p05,D1,30,distributing,-8.8
J6,dowel,S11,p05,D2,90,distributing,-4.9
J6,dowel,S11,p05,D3,150,distributing,-1.2
J6,dowel,S11,p05,D4,210,distributing,-1.5
J6,dowel,S11,p05,D5,270,distributing,-2
J6,dowel,S11,p05,D6,300,distributing,-2
J6,dowel,S11,p05,D3K,150,kinematic,1.1
J6,dowel,S11,p95,D0,0,distributing,7.9
J6,dowel,S11,p95,D1,30,distributing,2
J6,dowel,S11,p95,D2,90,distributing,0.6
J6,dowel,S11,p95,D3,150,distributing,-1.5
J6,dowel,S11,p95,D4,210,distributing,-2.6
J6,dowel,S11,p95,D5,270,distributing,-2.4
J6,dowel,S11,p95,D6,300,distributing,-1.9
J6,dowel,S11,p95,D3K,150,kinematic,-0.3
J6,steel_corner,MISES,max,D0,0,distributing,-10
J6,steel_corner,MISES,max,D1,30,distributing,-7.8
J6,steel_corner,MISES,max,D2,90,distributing,-5.4
J6,steel_corner,MISES,max,D3,150,distributing,-4.3
J6,steel_corner,MISES,max,D4,210,distributing,-3.7
J6,steel_corner,MISES,max,D5,270,distributing,-3.4
J6,steel_corner,MISES,max,D6,300,distributing,-3.3
J6,steel_corner,MISES,max,D3K,150,kinematic,-2.8
J6,steel_corner,MISES,mean,D0,0,distributing,-10.5
J6,steel_corner,MISES,mean,D1,30,distributing,-8.3
J6,steel_corner,MISES,mean,D2,90,distributing,-5.8
J6,steel_corner,MISES,mean,D3,150,distributing,-4.5
J6,steel_corner,MISES,mean,D4,210,distributing,-3.8
J6,steel_corner,MISES,mean,D5,270,distributing,-3.4
J6,steel_corner,MISES,mean,D6,300,distributing,-3.3
J6,steel_corner,MISES,mean,D3K,150,kinematic,-2.6
J6,steel_corner,MISES,p95,D0,0,distributing,-10
J6,steel_corner,MISES,p95,D1,30,distributing,-8.1
J6,steel_corner,MISES,p95,D2,90,distributing,-5.8
J6,steel_corner,MISES,p95,D3,150,distributing,-3.9
J6,steel_corner,MISES,p95,D4,210,distributing,-3.6
J6,steel_corner,MISES,p95,D5,270,distributing,-3.1
J6,steel_corner,MISES,p95,D6,300,distributing,-2.9
J6,steel_corner,MISES,p95,D3K,150,kinematic,-2.5
J6,steel_corner,S11,max,D0,0,distributing,-9.1
J6,steel_corner,S11,max,D1,30,distributing,-7.3
J6,steel_corner,S11,max,D2,90,distributing,-5.1
J6,steel_corner,S11,max,D3,150,distributing,-4
J6,steel_corner,S11,max,D4,210,distributing,-3.4
J6,steel_corner,S11,max,D5,270,distributing,-3.1
J6,steel_corner,S11,max,D6,300,distributing,-3
J6,steel_corner,S11,max,D3K,150,kinematic,-2.5
J6,steel_corner,S11,mean,D0,0,distributing,-76.5
J6,steel_corner,S11,mean,D1,30,distributing,-70.9
J6,steel_corner,S11,mean,D2,90,distributing,-56.2
J6,steel_corner,S11,mean,D3,150,distributing,-42.2
J6,steel_corner,S11,mean,D4,210,distributing,-30.5
J6,steel_corner,S11,mean,D5,270,distributing,-21.7
J6,steel_corner,S11,mean,D6,300,distributing,-18.3
J6,steel_corner,S11,mean,D3K,150,kinematic,8.2
J6,steel_corner,S11,mean_abs,D0,0,distributing,-11.1
J6,steel_corner,S11,mean_abs,D1,30,distributing,-8.7
J6,steel_corner,S11,mean_abs,D2,90,distributing,-6
J6,steel_corner,S11,mean_abs,D3,150,distributing,-4.6
J6,steel_corner,S11,mean_abs,D4,210,distributing,-3.8
J6,steel_corner,S11,mean_abs,D5,270,distributing,-3.4
J6,steel_corner,S11,mean_abs,D6,300,distributing,-3.2
J6,steel_corner,S11,mean_abs,D3K,150,kinematic,-2.5
J6,steel_corner,S11,min,D0,0,distributing,9.5
J6,steel_corner,S11,min,D1,30,distributing,7.5
J6,steel_corner,S11,min,D2,90,distributing,5.3
J6,steel_corner,S11,min,D3,150,distributing,4.2
J6,steel_corner,S11,min,D4,210,distributing,3.7
J6,steel_corner,S11,min,D5,270,distributing,3.3
J6,steel_corner,S11,min,D6,300,distributing,3.2
J6,steel_corner,S11,min,D3K,150,kinematic,2.7
J6,steel_corner,S11,p05,D0,0,distributing,10.5
J6,steel_corner,S11,p05,D1,30,distributing,7.9
J6,steel_corner,S11,p05,D2,90,distributing,5.3
J6,steel_corner,S11,p05,D3,150,distributing,3.8
J6,steel_corner,S11,p05,D4,210,distributing,3.2
J6,steel_corner,S11,p05,D5,270,distributing,2.9
J6,steel_corner,S11,p05,D6,300,distributing,2.8
J6,steel_corner,S11,p05,D3K,150,kinematic,3
J6,steel_corner,S11,p95,D0,0,distributing,-11.1
J6,steel_corner,S11,p95,D1,30,distributing,-8.9
J6,steel_corner,S11,p95,D2,90,distributing,-6.1
J6,steel_corner,S11,p95,D3,150,distributing,-4.6
J6,steel_corner,S11,p95,D4,210,distributing,-3.9
J6,steel_corner,S11,p95,D5,270,distributing,-3.4
J6,steel_corner,S11,p95,D6,300,distributing,-3.3
J6,steel_corner,S11,p95,D3K,150,kinematic,-2.5
J6,steel_inter,MISES,max,D0,0,distributing,104.7
J6,steel_inter,MISES,max,D1,30,distributing,96.4
J6,steel_inter,MISES,max,D2,90,distributing,88.1
J6,steel_inter,MISES,max,D3,150,distributing,83.3
J6,steel_inter,MISES,max,D4,210,distributing,82.4
J6,steel_inter,MISES,max,D5,270,distributing,82.1
J6,steel_inter,MISES,max,D6,300,distributing,82
J6,steel_inter,MISES,max,D3K,150,kinematic,74.1
J6,steel_inter,MISES,mean,D0,0,distributing,39
J6,steel_inter,MISES,mean,D1,30,distributing,34.7
J6,steel_inter,MISES,mean,D2,90,distributing,31.7
J6,steel_inter,MISES,mean,D3,150,distributing,30.4
J6,steel_inter,MISES,mean,D4,210,distributing,31
J6,steel_inter,MISES,mean,D5,270,distributing,31.5
J6,steel_inter,MISES,mean,D6,300,distributing,31.7
J6,steel_inter,MISES,mean,D3K,150,kinematic,27.7
J6,steel_inter,MISES,p95,D0,0,distributing,49.3
J6,steel_inter,MISES,p95,D1,30,distributing,44.2
J6,steel_inter,MISES,p95,D2,90,distributing,40.7
J6,steel_inter,MISES,p95,D3,150,distributing,38.3
J6,steel_inter,MISES,p95,D4,210,distributing,38.4
J6,steel_inter,MISES,p95,D5,270,distributing,39.1
J6,steel_inter,MISES,p95,D6,300,distributing,39.5
J6,steel_inter,MISES,p95,D3K,150,kinematic,34.5
J6,steel_inter,S11,max,D0,0,distributing,11
J6,steel_inter,S11,max,D1,30,distributing,7.7
J6,steel_inter,S11,max,D2,90,distributing,5
J6,steel_inter,S11,max,D3,150,distributing,5.8
J6,steel_inter,S11,max,D4,210,distributing,8.1
J6,steel_inter,S11,max,D5,270,distributing,9.6
J6,steel_inter,S11,max,D6,300,distributing,10.2
J6,steel_inter,S11,max,D3K,150,kinematic,8.8
J6,steel_inter,S11,mean,D0,0,distributing,-1299.5
J6,steel_inter,S11,mean,D1,30,distributing,-1068
J6,steel_inter,S11,mean,D2,90,distributing,-688.9
J6,steel_inter,S11,mean,D3,150,distributing,-426
J6,steel_inter,S11,mean,D4,210,distributing,-246.1
J6,steel_inter,S11,mean,D5,270,distributing,-129.4
J6,steel_inter,S11,mean,D6,300,distributing,-88.1
J6,steel_inter,S11,mean,D3K,150,kinematic,208.3
J6,steel_inter,S11,mean_abs,D0,0,distributing,11.9
J6,steel_inter,S11,mean_abs,D1,30,distributing,6.9
J6,steel_inter,S11,mean_abs,D2,90,distributing,1.4
J6,steel_inter,S11,mean_abs,D3,150,distributing,-1.1
J6,steel_inter,S11,mean_abs,D4,210,distributing,-1.6
J6,steel_inter,S11,mean_abs,D5,270,distributing,-1.7
J6,steel_inter,S11,mean_abs,D6,300,distributing,-1.7
J6,steel_inter,S11,mean_abs,D3K,150,kinematic,-4.7
J6,steel_inter,S11,min,D0,0,distributing,-2
J6,steel_inter,S11,min,D1,30,distributing,2.4
J6,steel_inter,S11,min,D2,90,distributing,7.4
J6,steel_inter,S11,min,D3,150,distributing,10.5
J6,steel_inter,S11,min,D4,210,distributing,11.6
J6,steel_inter,S11,min,D5,270,distributing,12.1
J6,steel_inter,S11,min,D6,300,distributing,12.3
J6,steel_inter,S11,min,D3K,150,kinematic,16.1
J6,steel_inter,S11,p05,D0,0,distributing,-22.4
J6,steel_inter,S11,p05,D1,30,distributing,-13
J6,steel_inter,S11,p05,D2,90,distributing,-5.3
J6,steel_inter,S11,p05,D3,150,distributing,0.3
J6,steel_inter,S11,p05,D4,210,distributing,1.9
J6,steel_inter,S11,p05,D5,270,distributing,3.8
J6,steel_inter,S11,p05,D6,300,distributing,3.7
J6,steel_inter,S11,p05,D3K,150,kinematic,9.6
J6,steel_inter,S11,p95,D0,0,distributing,4.2
J6,steel_inter,S11,p95,D1,30,distributing,2
J6,steel_inter,S11,p95,D2,90,distributing,2.3
J6,steel_inter,S11,p95,D3,150,distributing,3.5
J6,steel_inter,S11,p95,D4,210,distributing,4.7
J6,steel_inter,S11,p95,D5,270,distributing,5.9
J6,steel_inter,S11,p95,D6,300,distributing,6.3
J6,steel_inter,S11,p95,D3K,150,kinematic,6.6
J6,timber,MISES,max,D0,0,distributing,-17.4
J6,timber,MISES,max,D1,30,distributing,-15.5
J6,timber,MISES,max,D2,90,distributing,-9.1
J6,timber,MISES,max,D3,150,distributing,-6.3
J6,timber,MISES,max,D4,210,distributing,-5
J6,timber,MISES,max,D5,270,distributing,-4.4
J6,timber,MISES,max,D6,300,distributing,-4.2
J6,timber,MISES,max,D3K,150,kinematic,-2.8
J6,timber,MISES,mean,D0,0,distributing,-11.3
J6,timber,MISES,mean,D1,30,distributing,-9.4
J6,timber,MISES,mean,D2,90,distributing,-7.1
J6,timber,MISES,mean,D3,150,distributing,-5.7
J6,timber,MISES,mean,D4,210,distributing,-4.8
J6,timber,MISES,mean,D5,270,distributing,-4.3
J6,timber,MISES,mean,D6,300,distributing,-4.2
J6,timber,MISES,mean,D3K,150,kinematic,-2.7
J6,timber,MISES,p95,D0,0,distributing,-13.4
J6,timber,MISES,p95,D1,30,distributing,-10.4
J6,timber,MISES,p95,D2,90,distributing,-7.5
J6,timber,MISES,p95,D3,150,distributing,-5.8
J6,timber,MISES,p95,D4,210,distributing,-4.9
J6,timber,MISES,p95,D5,270,distributing,-4.7
J6,timber,MISES,p95,D6,300,distributing,-4.8
J6,timber,MISES,p95,D3K,150,kinematic,-1.3
J6,timber,S11,max,D0,0,distributing,-19.1
J6,timber,S11,max,D1,30,distributing,-15
J6,timber,S11,max,D2,90,distributing,-9.9
J6,timber,S11,max,D3,150,distributing,-7.2
J6,timber,S11,max,D4,210,distributing,-5.7
J6,timber,S11,max,D5,270,distributing,-4.8
J6,timber,S11,max,D6,300,distributing,-4.5
J6,timber,S11,max,D3K,150,kinematic,-2.5
J6,timber,S11,mean,D0,0,distributing,14.8
J6,timber,S11,mean,D1,30,distributing,11.4
J6,timber,S11,mean,D2,90,distributing,7.3
J6,timber,S11,mean,D3,150,distributing,5.2
J6,timber,S11,mean,D4,210,distributing,4
J6,timber,S11,mean,D5,270,distributing,3.3
J6,timber,S11,mean,D6,300,distributing,3
J6,timber,S11,mean,D3K,150,kinematic,1.6
J6,timber,S11,mean_abs,D0,0,distributing,-15.4
J6,timber,S11,mean_abs,D1,30,distributing,-12.9
J6,timber,S11,mean_abs,D2,90,distributing,-9.4
J6,timber,S11,mean_abs,D3,150,distributing,-7.2
J6,timber,S11,mean_abs,D4,210,distributing,-5.8
J6,timber,S11,mean_abs,D5,270,distributing,-4.9
J6,timber,S11,mean_abs,D6,300,distributing,-4.6
J6,timber,S11,mean_abs,D3K,150,kinematic,-2.4
J6,timber,S11,min,D0,0,distributing,20.6
J6,timber,S11,min,D1,30,distributing,14.8
J6,timber,S11,min,D2,90,distributing,8.7
J6,timber,S11,min,D3,150,distributing,6.1
J6,timber,S11,min,D4,210,distributing,4.9
J6,timber,S11,min,D5,270,distributing,4.4
J6,timber,S11,min,D6,300,distributing,4.2
J6,timber,S11,min,D3K,150,kinematic,2.8
J6,timber,S11,p05,D0,0,distributing,10.7
J6,timber,S11,p05,D1,30,distributing,7.1
J6,timber,S11,p05,D2,90,distributing,3.9
J6,timber,S11,p05,D3,150,distributing,2.8
J6,timber,S11,p05,D4,210,distributing,2.9
J6,timber,S11,p05,D5,270,distributing,3.2
J6,timber,S11,p05,D6,300,distributing,3.1
J6,timber,S11,p05,D3K,150,kinematic,-1.4
J6,timber,S11,p95,D0,0,distributing,-13.3
J6,timber,S11,p95,D1,30,distributing,-11.1
J6,timber,S11,p95,D2,90,distributing,-7.7
J6,timber,S11,p95,D3,150,distributing,-6.3
J6,timber,S11,p95,D4,210,distributing,-5.4
J6,timber,S11,p95,D5,270,distributing,-4.8
J6,timber,S11,p95,D6,300,distributing,-4.7
J6,timber,S11,p95,D3K,150,kinematic,-1.3
J6,timber,S22,max,D0,0,distributing,62.2
J6,timber,S22,max,D1,30,distributing,32.5
J6,timber,S22,max,D2,90,distributing,-0
J6,timber,S22,max,D3,150,distributing,-0.6
J6,timber,S22,max,D4,210,distributing,-1.4
J6,timber,S22,max,D5,270,distributing,-2.2
J6,timber,S22,max,D6,300,distributing,-2.5
J6,timber,S22,max,D3K,150,kinematic,-4.7
J6,timber,S22,mean,D0,0,distributing,-119.3
J6,timber,S22,mean,D1,30,distributing,-95.6
J6,timber,S22,mean,D2,90,distributing,-62.1
J6,timber,S22,mean,D3,150,distributing,-36.6
J6,timber,S22,mean,D4,210,distributing,-16.9
J6,timber,S22,mean,D5,270,distributing,-2.4
J6,timber,S22,mean,D6,300,distributing,3.3
J6,timber,S22,mean,D3K,150,kinematic,17.8
J6,timber,S22,mean_abs,D0,0,distributing,33.8
J6,timber,S22,mean_abs,D1,30,distributing,26
J6,timber,S22,mean_abs,D2,90,distributing,15.5
J6,timber,S22,mean_abs,D3,150,distributing,9.4
J6,timber,S22,mean_abs,D4,210,distributing,5.3
J6,timber,S22,mean_abs,D5,270,distributing,2.3
J6,timber,S22,mean_abs,D6,300,distributing,1
J6,timber,S22,mean_abs,D3K,150,kinematic,-2.4
J6,timber,S22,min,D0,0,distributing,-34.4
J6,timber,S22,min,D1,30,distributing,-4.5
J6,timber,S22,min,D2,90,distributing,9.2
J6,timber,S22,min,D3,150,distributing,9.1
J6,timber,S22,min,D4,210,distributing,8
J6,timber,S22,min,D5,270,distributing,6.7
J6,timber,S22,min,D6,300,distributing,6
J6,timber,S22,min,D3K,150,kinematic,-0.8
J6,timber,S22,p05,D0,0,distributing,-35.9
J6,timber,S22,p05,D1,30,distributing,-25.7
J6,timber,S22,p05,D2,90,distributing,-17.8
J6,timber,S22,p05,D3,150,distributing,-11.7
J6,timber,S22,p05,D4,210,distributing,-6.1
J6,timber,S22,p05,D5,270,distributing,-3
J6,timber,S22,p05,D6,300,distributing,-1.7
J6,timber,S22,p05,D3K,150,kinematic,3.7
J6,timber,S22,p95,D0,0,distributing,29.5
J6,timber,S22,p95,D1,30,distributing,18.5
J6,timber,S22,p95,D2,90,distributing,11.9
J6,timber,S22,p95,D3,150,distributing,8.9
J6,timber,S22,p95,D4,210,distributing,6.8
J6,timber,S22,p95,D5,270,distributing,5.3
J6,timber,S22,p95,D6,300,distributing,4.4
J6,timber,S22,p95,D3K,150,kinematic,-0.4
