joint,class,quantity,stat,C25,C,B1,B2,D0,D1,D2,D3,D4,D5,D6,D3K,dev_C_vs_C25_%,dev_B1_vs_C25_%,dev_B2_vs_C25_%,dev_D0_vs_C25_%,dev_D1_vs_C25_%,dev_D2_vs_C25_%,dev_D3_vs_C25_%,dev_D4_vs_C25_%,dev_D5_vs_C25_%,dev_D6_vs_C25_%,dev_D3K_vs_C25_%
J3,dowel,MISES,max,952.266,952.266,1070.66,1032.09,1242.48,1189.29,1129.41,1107.42,1087.02,1074.82,1070.66,1052.6,0.0,12.4,8.4,30.5,24.9,18.6,16.3,14.2,12.9,12.4,10.5
J3,dowel,MISES,mean,119.039,119.039,104.152,100.389,111.679,108.966,106.508,105.598,104.804,104.321,104.152,102.508,-0.0,-12.5,-15.7,-6.2,-8.5,-10.5,-11.3,-12.0,-12.4,-12.5,-13.9
J3,dowel,MISES,n_values,4416,4416,4416,4416,4416,4416,4416,4416,4416,4416,4416,4416,,,,,,,,,,,
J3,dowel,MISES,p95,448.295,448.295,430.252,426.488,445.672,441.424,436.789,434.662,432.805,430.652,430.252,430.372,0.0,-4.0,-4.9,-0.6,-1.5,-2.6,-3.0,-3.5,-3.9,-4.0,-4.0
J3,dowel,S11,max,929.05,929.05,999.694,963.745,1159.38,1110.05,1054.41,1034.22,1015.07,1003.61,999.694,983.069,0.0,7.6,3.7,24.8,19.5,13.5,11.3,9.3,8.0,7.6,5.8
J3,dowel,S11,mean,-0.036,-0.036,-0.04,-0.003,-0.141,-0.115,-0.084,-0.07,-0.055,-0.044,-0.04,-0.024,-0.0,-10.0,90.6,-287.4,-218.2,-132.3,-93.8,-52.4,-22.0,-10.0,34.4
J3,dowel,S11,mean_abs,111.025,111.025,97.598,94.586,103.686,101.425,99.469,98.755,98.125,97.736,97.598,96.244,-0.0,-12.1,-14.8,-6.6,-8.6,-10.4,-11.1,-11.6,-12.0,-12.1,-13.3
J3,dowel,S11,min,-945.991,-945.991,-1066.07,-1027.79,-1236.82,-1183.96,-1124.47,-1102.46,-1082.26,-1070.19,-1066.07,-1048.01,0.0,-12.7,-8.6,-30.7,-25.2,-18.9,-16.5,-14.4,-13.1,-12.7,-10.8
J3,dowel,S11,n_values,4416,4416,4416,4416,4416,4416,4416,4416,4416,4416,4416,4416,,,,,,,,,,,
J3,dowel,S11,p05,-355.84,-355.84,-293.754,-283.293,-315.933,-308.144,-303.449,-300.574,-297.802,-294.779,-293.754,-291.501,0.0,17.4,20.4,11.2,13.4,14.7,15.5,16.3,17.2,17.4,18.1
J3,dowel,S11,p95,355.309,355.309,299.627,284.409,319.157,310.916,306.298,300.276,299.694,299.5,299.627,296.602,0.0,-15.7,-20.0,-10.2,-12.5,-13.8,-15.5,-15.7,-15.7,-15.7,-16.5
J3,steel_corner,MISES,max,634.994,634.994,645.154,648.405,616.478,622.762,634.32,639.956,642.926,644.601,645.154,646.379,0.0,1.6,2.1,-2.9,-1.9,-0.1,0.8,1.2,1.5,1.6,1.8
J3,steel_corner,MISES,mean,141.066,141.066,144.401,144.889,139.255,140.137,142.213,143.317,143.93,144.283,144.401,144.642,0.0,2.4,2.7,-1.3,-0.7,0.8,1.6,2.0,2.3,2.4,2.5
J3,steel_corner,MISES,n_values,3213,3213,3213,3213,3213,3213,3213,3213,3213,3213,3213,3213,,,,,,,,,,,
J3,steel_corner,MISES,p95,266.489,266.489,272.838,274.332,263.881,265.055,268.845,271.05,271.953,272.733,272.838,273.17,0.0,2.4,2.9,-1.0,-0.5,0.9,1.7,2.1,2.3,2.4,2.5
J3,steel_corner,S11,max,583.342,583.342,594.027,596.092,572.378,576.36,585.158,589.411,591.996,593.513,594.027,594.795,0.0,1.8,2.2,-1.9,-1.2,0.3,1.0,1.5,1.7,1.8,2.0
J3,steel_corner,S11,mean,-2.857,-2.857,-2.611,-3.075,-1.936,-2.005,-2.177,-2.29,-2.447,-2.565,-2.611,-2.881,0.0,8.6,-7.6,32.3,29.8,23.8,19.9,14.4,10.2,8.6,-0.8
J3,steel_corner,S11,mean_abs,97.712,97.712,99.917,100.789,95.545,96.366,98.098,98.98,99.516,99.819,99.917,100.207,0.0,2.3,3.1,-2.2,-1.4,0.4,1.3,1.8,2.2,2.3,2.6
J3,steel_corner,S11,min,-541.002,-541.002,-557.777,-557.12,-547.016,-547.853,-552.645,-555.244,-556.681,-557.506,-557.777,-557.42,0.0,-3.1,-3.0,-1.1,-1.3,-2.2,-2.6,-2.9,-3.1,-3.1,-3.0
J3,steel_corner,S11,n_values,3213,3213,3213,3213,3213,3213,3213,3213,3213,3213,3213,3213,,,,,,,,,,,
J3,steel_corner,S11,p05,-221.802,-221.802,-226.701,-227.455,-218.318,-219.774,-223.238,-224.823,-225.87,-226.49,-226.701,-227.051,0.0,-2.2,-2.5,1.6,0.9,-0.6,-1.4,-1.8,-2.1,-2.2,-2.4
J3,steel_corner,S11,p95,216.517,216.517,221.478,221.771,211.721,214.034,217.537,219.46,220.565,221.247,221.478,221.561,0.0,2.3,2.4,-2.2,-1.1,0.5,1.4,1.9,2.2,2.3,2.3
J3,steel_inter,MISES,max,170.297,170.297,269.733,259.327,315.883,301.585,285.465,279.924,274.281,270.895,269.733,265.19,0.0,58.4,52.3,85.5,77.1,67.6,64.4,61.1,59.1,58.4,55.7
J3,steel_inter,MISES,mean,39.075,39.075,47.01,44.957,56.513,53.501,50.179,48.901,47.846,47.222,47.01,46.032,0.0,20.3,15.1,44.6,36.9,28.4,25.1,22.4,20.8,20.3,17.8
J3,steel_inter,MISES,n_values,3906,3906,3413,3413,3413,3413,3413,3413,3413,3413,3413,3413,,,,,,,,,,,
J3,steel_inter,MISES,p95,88.368,88.368,110.08,105.815,133.838,125.686,117.642,114.73,112.233,110.621,110.08,108.083,0.0,24.6,19.7,51.5,42.2,33.1,29.8,27.0,25.2,24.6,22.3
J3,steel_inter,S11,max,47.494,47.494,38.984,37.661,45.121,43.126,41.04,40.309,39.574,39.134,38.984,38.419,0.0,-17.9,-20.7,-5.0,-9.2,-13.6,-15.1,-16.7,-17.6,-17.9,-19.1
J3,steel_inter,S11,mean,-0.105,-0.105,-0.175,-0.111,-0.154,-0.207,-0.228,-0.188,-0.18,-0.176,-0.175,-0.095,0.0,-67.8,-6.4,-47.7,-98.2,-118.1,-79.8,-72.5,-68.6,-67.8,9.0
J3,steel_inter,S11,mean_abs,3.786,3.786,3.613,3.434,4.589,4.236,3.898,3.786,3.689,3.632,3.613,3.544,0.0,-4.6,-9.3,21.2,11.9,2.9,-0.0,-2.6,-4.1,-4.6,-6.4
J3,steel_inter,S11,min,-37.281,-37.281,-38.717,-36.48,-42.665,-41.611,-40.274,-41.0,-39.773,-38.992,-38.717,-38.262,0.0,-3.9,2.1,-14.4,-11.6,-8.0,-10.0,-6.7,-4.6,-3.9,-2.6
J3,steel_inter,S11,n_values,3906,3906,3413,3413,3413,3413,3413,3413,3413,3413,3413,3413,,,,,,,,,,,
J3,steel_inter,S11,p05,-10.51,-10.51,-10.01,-9.468,-12.073,-11.366,-10.667,-10.381,-10.182,-10.056,-10.01,-9.743,0.0,4.8,9.9,-14.9,-8.1,-1.5,1.2,3.1,4.3,4.8,7.3
J3,steel_inter,S11,p95,9.385,9.385,9.22,8.795,12.448,11.359,10.077,9.676,9.413,9.274,9.22,9.072,0.0,-1.8,-6.3,32.6,21.0,7.4,3.1,0.3,-1.2,-1.8,-3.3
J3,timber,MISES,max,62.286,62.286,61.924,64.149,56.364,54.242,58.409,60.479,61.353,61.792,61.924,62.881,0.0,-0.6,3.0,-9.5,-12.9,-6.2,-2.9,-1.5,-0.8,-0.6,1.0
J3,timber,MISES,mean,4.739,4.739,4.808,4.855,4.892,4.842,4.827,4.83,4.823,4.814,4.808,4.884,0.0,1.4,2.4,3.2,2.2,1.8,1.9,1.8,1.6,1.4,3.1
J3,timber,MISES,n_values,26742,26742,26742,26742,24792,24987,25377,25767,26157,26547,26742,25767,,,,,,,,,,,
J3,timber,MISES,p95,13.635,13.635,13.797,14.07,14.092,13.94,13.89,13.951,13.875,13.825,13.797,14.087,0.0,1.2,3.2,3.3,2.2,1.9,2.3,1.8,1.4,1.2,3.3
J3,timber,S11,max,63.873,63.873,63.526,65.684,57.879,56.083,60.132,62.138,62.977,63.399,63.526,64.447,0.0,-0.5,2.8,-9.4,-12.2,-5.9,-2.7,-1.4,-0.7,-0.5,0.9
J3,timber,S11,mean,0.197,0.197,0.192,0.196,0.204,0.2,0.197,0.194,0.193,0.192,0.192,0.194,-0.0,-2.3,-0.3,3.4,1.7,-0.0,-1.4,-2.0,-2.2,-2.3,-1.5
J3,timber,S11,mean_abs,3.928,3.928,4.007,4.148,3.857,3.868,3.926,3.971,3.993,4.005,4.007,4.112,0.0,2.0,5.6,-1.8,-1.5,-0.0,1.1,1.7,2.0,2.0,4.7
J3,timber,S11,min,-51.326,-51.326,-50.822,-52.837,-43.761,-44.936,-47.757,-49.227,-50.132,-50.651,-50.822,-51.857,0.0,1.0,-2.9,14.7,12.5,7.0,4.1,2.3,1.3,1.0,-1.0
J3,timber,S11,n_values,26742,26742,26742,26742,24792,24987,25377,25767,26157,26547,26742,25767,,,,,,,,,,,
J3,timber,S11,p05,-9.143,-9.143,-9.311,-9.874,-9.033,-9.071,-9.168,-9.204,-9.259,-9.322,-9.311,-9.72,0.0,-1.8,-8.0,1.2,0.8,-0.3,-0.7,-1.3,-2.0,-1.8,-6.3
J3,timber,S11,p95,9.59,9.59,9.743,10.333,9.876,9.929,9.971,9.95,9.825,9.754,9.743,10.117,0.0,1.6,7.7,3.0,3.5,4.0,3.8,2.5,1.7,1.6,5.5
J3,timber,S22,max,4.049,4.049,3.943,4.281,4.115,3.901,3.816,3.803,3.857,3.916,3.943,4.152,0.0,-2.6,5.7,1.6,-3.7,-5.7,-6.1,-4.7,-3.3,-2.6,2.6
J3,timber,S22,mean,0.003,0.003,0.003,0.001,0.021,0.015,0.01,0.007,0.005,0.004,0.003,0.006,0.0,14.9,-78.6,689.8,467.8,274.8,167.0,92.3,36.9,14.9,135.0
J3,timber,S22,mean_abs,0.23,0.23,0.243,0.219,0.334,0.307,0.277,0.263,0.253,0.246,0.243,0.239,0.0,5.6,-4.9,45.5,33.7,20.6,14.5,10.1,6.9,5.6,4.2
J3,timber,S22,min,-3.846,-3.846,-3.815,-4.304,-5.037,-4.17,-3.834,-3.867,-3.838,-3.812,-3.815,-4.054,0.0,0.8,-11.9,-31.0,-8.4,0.3,-0.5,0.2,0.9,0.8,-5.4
J3,timber,S22,n_values,26742,26742,26742,26742,24792,24987,25377,25767,26157,26547,26742,25767,,,,,,,,,,,
J3,timber,S22,p05,-0.585,-0.585,-0.607,-0.57,-0.783,-0.723,-0.679,-0.658,-0.631,-0.615,-0.607,-0.595,0.0,-3.8,2.6,-33.8,-23.5,-16.0,-12.5,-7.9,-5.1,-3.8,-1.7
J3,timber,S22,p95,0.596,0.596,0.619,0.57,0.844,0.763,0.701,0.671,0.647,0.627,0.619,0.611,0.0,3.9,-4.3,41.7,28.0,17.6,12.7,8.6,5.2,3.9,2.5
J6,dowel,MISES,max,880.538,880.538,848.688,861.591,751.43,788.088,824.727,839.538,845.471,848.014,848.688,852.791,0.0,-3.6,-2.2,-14.7,-10.5,-6.3,-4.7,-4.0,-3.7,-3.6,-3.2
J6,dowel,MISES,mean,60.447,60.447,55.897,54.565,54.673,55.07,55.52,55.722,55.831,55.883,55.897,55.42,-0.0,-7.5,-9.7,-9.6,-8.9,-8.2,-7.8,-7.6,-7.5,-7.5,-8.3
J6,dowel,MISES,n_values,4416,4416,4416,4416,4416,4416,4416,4416,4416,4416,4416,4416,,,,,,,,,,,
J6,dowel,MISES,p95,293.286,293.286,281.692,277.721,271.028,271.898,279.06,283.203,282.905,281.875,281.692,279.614,0.0,-4.0,-5.3,-7.6,-7.3,-4.9,-3.4,-3.5,-3.9,-4.0,-4.7
J6,dowel,S11,max,874.941,874.941,843.686,855.263,745.497,782.993,820.194,834.998,840.759,843.104,843.686,846.846,0.0,-3.6,-2.2,-14.8,-10.5,-6.3,-4.6,-3.9,-3.6,-3.6,-3.2
J6,dowel,S11,mean,0.041,0.041,0.054,-0.003,0.161,0.146,0.115,0.09,0.072,0.059,0.054,0.018,-0.0,31.4,-106.5,288.5,252.1,178.7,118.6,74.1,43.0,31.4,-56.7
J6,dowel,S11,mean_abs,57.394,57.394,52.97,51.892,51.552,51.975,52.511,52.764,52.894,52.954,52.97,52.587,-0.0,-7.7,-9.6,-10.2,-9.4,-8.5,-8.1,-7.8,-7.7,-7.7,-8.4
J6,dowel,S11,min,-860.175,-860.175,-828.436,-843.3,-724.574,-762.533,-801.412,-817.707,-824.533,-827.592,-828.436,-833.675,0.0,3.7,2.0,15.8,11.4,6.8,4.9,4.1,3.8,3.7,3.1
J6,dowel,S11,n_values,4416,4416,4416,4416,4416,4416,4416,4416,4416,4416,4416,4416,,,,,,,,,,,
J6,dowel,S11,p05,-142.115,-142.115,-144.936,-135.707,-156.737,-154.554,-149.012,-143.86,-144.272,-144.967,-144.936,-140.535,0.0,-2.0,4.5,-10.3,-8.8,-4.9,-1.2,-1.5,-2.0,-2.0,1.1
J6,dowel,S11,p95,142.091,142.091,139.417,133.941,153.31,144.9,142.99,139.934,138.431,138.733,139.417,141.719,0.0,-1.9,-5.7,7.9,2.0,0.6,-1.5,-2.6,-2.4,-1.9,-0.3
J6,steel_corner,MISES,max,538.547,538.547,520.729,526.166,484.708,496.702,509.51,515.558,518.559,520.199,520.729,523.714,0.0,-3.3,-2.3,-10.0,-7.8,-5.4,-4.3,-3.7,-3.4,-3.3,-2.8
J6,steel_corner,MISES,mean,112.691,112.691,109.005,110.164,100.824,103.328,106.18,107.634,108.414,108.859,109.005,109.741,0.0,-3.3,-2.2,-10.5,-8.3,-5.8,-4.5,-3.8,-3.4,-3.3,-2.6
J6,steel_corner,MISES,n_values,3213,3213,3213,3213,3213,3213,3213,3213,3213,3213,3213,3213,,,,,,,,,,,
J6,steel_corner,MISES,p95,211.193,211.193,205.074,206.099,190.116,194.154,198.844,202.905,203.496,204.704,205.074,205.829,0.0,-2.9,-2.4,-10.0,-8.1,-5.8,-3.9,-3.6,-3.1,-2.9,-2.5
J6,steel_corner,S11,max,400.705,400.705,388.846,390.987,364.042,371.565,380.211,384.615,387.022,388.395,388.846,390.667,0.0,-3.0,-2.4,-9.1,-7.3,-5.1,-4.0,-3.4,-3.1,-3.0,-2.5
J6,steel_corner,S11,mean,-1.165,-1.165,-1.379,-0.91,-2.057,-1.992,-1.821,-1.657,-1.521,-1.419,-1.379,-1.07,0.0,-18.3,21.9,-76.5,-70.9,-56.2,-42.2,-30.5,-21.7,-18.3,8.2
J6,steel_corner,S11,mean_abs,77.089,77.089,74.61,75.706,68.542,70.347,72.477,73.581,74.172,74.503,74.61,75.188,0.0,-3.2,-1.8,-11.1,-8.7,-6.0,-4.6,-3.8,-3.4,-3.2,-2.5
J6,steel_corner,S11,min,-486.072,-486.072,-470.335,-474.646,-440.123,-449.661,-460.219,-465.483,-468.243,-469.815,-470.335,-473.091,0.0,3.2,2.4,9.5,7.5,5.3,4.2,3.7,3.3,3.2,2.7
J6,steel_corner,S11,n_values,3213,3213,3213,3213,3213,3213,3213,3213,3213,3213,3213,3213,,,,,,,,,,,
J6,steel_corner,S11,p05,-177.839,-177.839,-172.786,-173.085,-159.143,-163.746,-168.457,-171.136,-172.178,-172.673,-172.786,-172.588,0.0,2.8,2.7,10.5,7.9,5.3,3.8,3.2,2.9,2.8,3.0
J6,steel_corner,S11,p95,168.361,168.361,162.813,164.811,149.749,153.417,158.074,160.553,161.841,162.569,162.813,164.146,0.0,-3.3,-2.1,-11.1,-8.9,-6.1,-4.6,-3.9,-3.4,-3.3,-2.5
J6,steel_inter,MISES,max,18.794,18.794,34.209,30.144,38.473,36.91,35.348,34.454,34.277,34.219,34.209,32.716,0.0,82.0,60.4,104.7,96.4,88.1,83.3,82.4,82.1,82.0,74.1
J6,steel_inter,MISES,mean,4.103,4.103,5.404,4.925,5.702,5.526,5.404,5.351,5.374,5.395,5.404,5.24,-0.0,31.7,20.0,39.0,34.7,31.7,30.4,31.0,31.5,31.7,27.7
J6,steel_inter,MISES,n_values,3906,3906,3413,3413,3413,3413,3413,3413,3413,3413,3413,3413,,,,,,,,,,,
J6,steel_inter,MISES,p95,8.477,8.477,11.824,10.652,12.652,12.225,11.928,11.722,11.735,11.791,11.824,11.399,0.0,39.5,25.7,49.3,44.2,40.7,38.3,38.4,39.1,39.5,34.5
J6,steel_inter,S11,max,4.362,4.362,4.805,4.462,4.842,4.696,4.581,4.613,4.714,4.781,4.805,4.744,0.0,10.2,2.3,11.0,7.7,5.0,5.8,8.1,9.6,10.2,8.8
J6,steel_inter,S11,mean,-0.011,-0.011,-0.021,0.036,-0.153,-0.128,-0.086,-0.058,-0.038,-0.025,-0.021,0.012,0.0,-88.1,432.9,-1299.5,-1068.0,-688.9,-426.0,-246.1,-129.4,-88.1,208.3
J6,steel_inter,S11,mean_abs,0.468,0.468,0.46,0.423,0.523,0.5,0.474,0.462,0.46,0.46,0.46,0.446,-0.0,-1.7,-9.6,11.9,6.9,1.4,-1.1,-1.6,-1.7,-1.7,-4.7
J6,steel_inter,S11,min,-6.365,-6.365,-5.582,-4.98,-6.492,-6.212,-5.891,-5.699,-5.629,-5.593,-5.582,-5.341,0.0,12.3,21.7,-2.0,2.4,7.4,10.5,11.6,12.1,12.3,16.1
J6,steel_inter,S11,n_values,3906,3906,3413,3413,3413,3413,3413,3413,3413,3413,3413,3413,,,,,,,,,,,
J6,steel_inter,S11,p05,-1.034,-1.034,-0.996,-0.874,-1.266,-1.168,-1.088,-1.031,-1.014,-0.995,-0.996,-0.935,0.0,3.7,15.5,-22.4,-13.0,-5.3,0.3,1.9,3.8,3.7,9.6
J6,steel_inter,S11,p95,1.161,1.161,1.235,1.164,1.21,1.184,1.187,1.201,1.216,1.229,1.235,1.238,0.0,6.3,0.2,4.2,2.0,2.3,3.5,4.7,5.9,6.3,6.6
J6,timber,MISES,max,60.718,60.718,58.148,60.441,50.141,51.298,55.184,56.884,57.656,58.035,58.148,59.0,0.0,-4.2,-0.5,-17.4,-15.5,-9.1,-6.3,-5.0,-4.4,-4.2,-2.8
J6,timber,MISES,mean,3.526,3.526,3.379,3.454,3.129,3.194,3.277,3.327,3.356,3.373,3.379,3.433,0.0,-4.2,-2.0,-11.3,-9.4,-7.1,-5.7,-4.8,-4.3,-4.2,-2.7
J6,timber,MISES,n_values,26742,26742,26742,26742,24792,24987,25377,25767,26157,26547,26742,25767,,,,,,,,,,,
J6,timber,MISES,p95,12.195,12.195,11.613,12.098,10.555,10.923,11.279,11.487,11.599,11.621,11.613,12.039,0.0,-4.8,-0.8,-13.4,-10.4,-7.5,-5.8,-4.9,-4.7,-4.8,-1.3
J6,timber,S11,max,51.222,51.222,48.912,50.933,41.443,43.541,46.133,47.554,48.327,48.768,48.912,49.931,0.0,-4.5,-0.6,-19.1,-15.0,-9.9,-7.2,-5.7,-4.8,-4.5,-2.5
J6,timber,S11,mean,-0.174,-0.174,-0.169,-0.177,-0.148,-0.154,-0.161,-0.165,-0.167,-0.168,-0.169,-0.171,0.0,3.0,-1.9,14.8,11.4,7.3,5.2,4.0,3.3,3.0,1.6
J6,timber,S11,mean_abs,3.067,3.067,2.926,3.055,2.593,2.672,2.779,2.846,2.889,2.916,2.926,2.994,0.0,-4.6,-0.4,-15.4,-12.9,-9.4,-7.2,-5.8,-4.9,-4.6,-2.4
J6,timber,S11,min,-62.245,-62.245,-59.636,-61.881,-49.413,-53.058,-56.803,-58.431,-59.166,-59.528,-59.636,-60.471,0.0,4.2,0.6,20.6,14.8,8.7,6.1,4.9,4.4,4.2,2.8
J6,timber,S11,n_values,26742,26742,26742,26742,24792,24987,25377,25767,26157,26547,26742,25767,,,,,,,,,,,
J6,timber,S11,p05,-7.938,-7.938,-7.692,-8.38,-7.091,-7.373,-7.628,-7.718,-7.706,-7.685,-7.692,-8.046,0.0,3.1,-5.6,10.7,7.1,3.9,2.8,2.9,3.2,3.1,-1.4
J6,timber,S11,p95,7.625,7.625,7.269,7.846,6.608,6.781,7.041,7.148,7.214,7.26,7.269,7.529,0.0,-4.7,2.9,-13.3,-11.1,-7.7,-6.3,-5.4,-4.8,-4.7,-1.3
J6,timber,S22,max,3.582,3.582,3.492,3.6,5.808,4.745,3.582,3.562,3.53,3.503,3.492,3.413,0.0,-2.5,0.5,62.2,32.5,-0.0,-0.6,-1.4,-2.2,-2.5,-4.7
J6,timber,S22,mean,-0.012,-0.012,-0.011,-0.006,-0.026,-0.023,-0.019,-0.016,-0.014,-0.012,-0.011,-0.01,0.0,3.3,52.2,-119.3,-95.6,-62.1,-36.6,-16.9,-2.4,3.3,17.8
J6,timber,S22,mean_abs,0.15,0.15,0.151,0.132,0.2,0.189,0.173,0.164,0.158,0.153,0.151,0.146,0.0,1.0,-11.6,33.8,26.0,15.5,9.4,5.3,2.3,1.0,-2.4
J6,timber,S22,min,-3.587,-3.587,-3.37,-3.725,-4.82,-3.747,-3.256,-3.259,-3.301,-3.348,-3.37,-3.616,0.0,6.0,-3.8,-34.4,-4.5,9.2,9.1,8.0,6.7,6.0,-0.8
J6,timber,S22,n_values,26742,26742,26742,26742,24792,24987,25377,25767,26157,26547,26742,25767,,,,,,,,,,,
J6,timber,S22,p05,-0.41,-0.41,-0.417,-0.361,-0.557,-0.515,-0.483,-0.458,-0.435,-0.422,-0.417,-0.395,0.0,-1.7,12.0,-35.9,-25.7,-17.8,-11.7,-6.1,-3.0,-1.7,3.7
J6,timber,S22,p95,0.37,0.37,0.386,0.343,0.479,0.438,0.414,0.403,0.395,0.389,0.386,0.368,0.0,4.4,-7.1,29.5,18.5,11.9,8.9,6.8,5.3,4.4,-0.4
