joint,part,quantity,stat,C25,C,B1,B2,D0,D1,D2,D3,D4,D5,D6,D3K,dev_C_vs_C25_%,dev_B1_vs_C25_%,dev_B2_vs_C25_%,dev_D0_vs_C25_%,dev_D1_vs_C25_%,dev_D2_vs_C25_%,dev_D3_vs_C25_%,dev_D4_vs_C25_%,dev_D5_vs_C25_%,dev_D6_vs_C25_%,dev_D3K_vs_C25_%
J3,B1B-43,MISES,max,11.932,11.932,10.633,9.868,,8.61,8.927,9.097,9.781,10.381,10.633,12.494,0.0,-10.9,-17.3,,-27.8,-25.2,-23.8,-18.0,-13.0,-10.9,4.7
J3,B1B-43,MISES,mean,5.504,5.504,5.209,4.711,,5.578,5.483,5.458,5.369,5.265,5.209,6.269,0.0,-5.4,-14.4,,1.4,-0.4,-0.8,-2.4,-4.3,-5.4,13.9
J3,B1B-43,MISES,min,1.633,1.633,1.276,0.704,,1.794,1.777,1.777,1.552,1.356,1.276,0.555,0.0,-21.8,-56.9,,9.9,8.9,8.8,-4.9,-16.9,-21.8,-66.0
J3,B1B-43,MISES,n_values,600,600,600,600,,60,180,300,420,540,600,300,,,,,,,,,,,
J3,B1B-43,MISES,p95,9.597,9.597,8.688,8.647,,8.537,8.366,8.712,8.726,8.562,8.688,10.938,0.0,-9.5,-9.9,,-11.0,-12.8,-9.2,-9.1,-10.8,-9.5,14.0
J3,B1B-43,S11,max,9.282,9.282,8.69,9.891,,8.388,8.789,8.832,8.687,8.575,8.69,9.882,0.0,-6.4,6.6,,-9.6,-5.3,-4.8,-6.4,-7.6,-6.4,6.5
J3,B1B-43,S11,mean,0.617,0.617,0.615,0.619,,0.596,0.605,0.61,0.612,0.614,0.615,0.617,0.0,-0.4,0.3,,-3.4,-1.9,-1.2,-0.7,-0.5,-0.4,-0.0
J3,B1B-43,S11,min,-11.942,-11.942,-10.643,-8.653,,-7.581,-8.393,-9.164,-9.814,-10.396,-10.643,-12.542,0.0,10.9,27.5,,36.5,29.7,23.3,17.8,12.9,10.9,-5.0
J3,B1B-43,S11,n_values,600,600,600,600,,60,180,300,420,540,600,300,,,,,,,,,,,
J3,B1B-43,S11,p95,7.489,7.489,7.78,8.646,,8.371,8.198,7.771,7.932,7.776,7.78,9.188,0.0,3.9,15.4,,11.8,9.5,3.8,5.9,3.8,3.9,22.7
J3,B1E-42,MISES,max,2.586,2.586,2.882,1.799,,2.823,2.685,2.684,2.774,2.85,2.882,3.435,0.0,11.5,-30.4,,9.2,3.8,3.8,7.3,10.2,11.5,32.8
J3,B1E-42,MISES,mean,0.991,0.991,1.042,0.966,,1.788,1.485,1.257,1.143,1.068,1.042,1.424,0.0,5.1,-2.6,,80.4,49.8,26.9,15.3,7.8,5.1,43.6
J3,B1E-42,MISES,min,0.145,0.145,0.138,0.129,,1.244,0.695,0.394,0.25,0.148,0.138,0.296,0.0,-4.5,-10.5,,760.2,380.1,172.6,72.6,2.6,-4.5,104.9
J3,B1E-42,MISES,n_values,600,600,600,600,,60,180,300,420,540,600,300,,,,,,,,,,,
J3,B1E-42,MISES,p95,1.685,1.685,1.982,1.488,,2.775,2.363,2.138,2.075,2.004,1.982,2.47,0.0,17.6,-11.7,,64.6,40.2,26.9,23.1,18.9,17.6,46.6
J3,B1E-42,S11,max,2.381,2.381,2.775,1.704,,2.708,2.673,2.501,2.64,2.739,2.775,3.089,0.0,16.5,-28.4,,13.8,12.3,5.0,10.9,15.0,16.5,29.8
J3,B1E-42,S11,mean,0.324,0.324,0.315,0.318,,0.305,0.31,0.312,0.314,0.314,0.315,0.316,0.0,-2.8,-1.8,,-5.9,-4.3,-3.6,-3.1,-2.9,-2.8,-2.3
J3,B1E-42,S11,min,-1.469,-1.469,-1.652,-1.068,,-2.098,-1.871,-1.288,-1.467,-1.6,-1.652,-2.251,0.0,-12.5,27.3,,-42.8,-27.4,12.4,0.1,-8.9,-12.5,-53.2
J3,B1E-42,S11,n_values,600,600,600,600,,60,180,300,420,540,600,300,,,,,,,,,,,
J3,B1E-42,S11,p95,1.345,1.345,1.77,1.283,,2.703,2.252,1.948,1.879,1.791,1.77,2.212,0.0,31.6,-4.6,,100.9,67.5,44.8,39.7,33.1,31.6,64.5
J3,B2_2B-44,MISES,max,9.02,9.02,10.182,10.662,,10.662,10.662,10.536,10.396,10.257,10.182,9.63,0.0,12.9,18.2,,18.2,18.2,16.8,15.3,13.7,12.9,6.8
J3,B2_2B-44,MISES,mean,5.627,5.627,5.649,5.391,,5.82,5.78,5.752,5.719,5.675,5.649,6.197,0.0,0.4,-4.2,,3.4,2.7,2.2,1.6,0.9,0.4,10.1
J3,B2_2B-44,MISES,min,0.865,0.865,0.585,0.484,,0.756,0.711,0.669,0.631,0.599,0.585,0.941,0.0,-32.4,-44.1,,-12.6,-17.8,-22.7,-27.1,-30.8,-32.4,8.7
J3,B2_2B-44,MISES,n_values,750,750,750,750,,75,225,375,525,675,750,375,,,,,,,,,,,
J3,B2_2B-44,MISES,p95,8.744,8.744,9.814,9.947,,10.545,10.493,10.205,10.05,9.89,9.814,8.533,0.0,12.2,13.8,,20.6,20.0,16.7,14.9,13.1,12.2,-2.4
J3,B2_2B-44,S11,max,8.747,8.747,9.863,10.364,,10.229,10.296,10.185,10.067,9.935,9.863,9.067,0.0,12.8,18.5,,16.9,17.7,16.4,15.1,13.6,12.8,3.7
J3,B2_2B-44,S11,mean,-0.156,-0.156,-0.157,-0.157,,-0.156,-0.157,-0.157,-0.157,-0.157,-0.157,-0.157,0.0,-0.3,-0.3,,-0.1,-0.2,-0.4,-0.4,-0.3,-0.3,-0.3
J3,B2_2B-44,S11,min,-9.016,-9.016,-10.175,-10.678,,-10.542,-10.609,-10.499,-10.379,-10.247,-10.175,-9.455,0.0,-12.9,-18.4,,-16.9,-17.7,-16.5,-15.1,-13.7,-12.9,-4.9
J3,B2_2B-44,S11,n_values,750,750,750,750,,75,225,375,525,675,750,375,,,,,,,,,,,
J3,B2_2B-44,S11,p95,8.394,8.394,9.232,9.438,,10.18,10.137,9.754,9.532,9.231,9.232,7.853,0.0,10.0,12.4,,21.3,20.8,16.2,13.6,10.0,10.0,-6.5
J6,B1B-43,MISES,max,14.361,14.361,12.485,10.954,,10.104,10.287,10.903,11.59,12.217,12.485,14.327,0.0,-13.1,-23.7,,-29.6,-28.4,-24.1,-19.3,-14.9,-13.1,-0.2
J6,B1B-43,MISES,mean,6.484,6.484,5.971,5.453,,6.621,6.367,6.245,6.135,6.026,5.971,6.971,0.0,-7.9,-15.9,,2.1,-1.8,-3.7,-5.4,-7.1,-7.9,7.5
J6,B1B-43,MISES,min,1.682,1.682,1.076,0.87,,2.068,1.886,1.599,1.351,1.156,1.076,0.788,0.0,-36.0,-48.3,,23.0,12.1,-4.9,-19.7,-31.3,-36.0,-53.1
J6,B1B-43,MISES,n_values,600,600,600,600,,60,180,300,420,540,600,300,,,,,,,,,,,
J6,B1B-43,MISES,p95,11.913,11.913,10.172,10.029,,10.018,10.179,10.157,9.987,10.073,10.172,13.057,0.0,-14.6,-15.8,,-15.9,-14.6,-14.7,-16.2,-15.4,-14.6,9.6
J6,B1B-43,S11,max,14.353,14.353,12.474,10.338,,9.691,10.3,10.908,11.584,12.206,12.474,14.317,0.0,-13.1,-28.0,,-32.5,-28.2,-24.0,-19.3,-15.0,-13.1,-0.3
J6,B1B-43,S11,mean,-0.324,-0.324,-0.315,-0.318,,-0.305,-0.31,-0.312,-0.314,-0.314,-0.315,-0.316,0.0,2.8,1.8,,5.9,4.3,3.6,3.1,2.9,2.8,2.3
J6,B1B-43,S11,min,-10.457,-10.457,-9.641,-10.973,,-9.853,-10.113,-10.079,-9.91,-9.724,-9.641,-10.677,0.0,7.8,-4.9,,5.8,3.3,3.6,5.2,7.0,7.8,-2.1
J6,B1B-43,S11,n_values,600,600,600,600,,60,180,300,420,540,600,300,,,,,,,,,,,
J6,B1B-43,S11,p95,11.91,11.91,10.15,9.184,,9.672,9.958,9.905,9.964,9.999,10.15,13.047,0.0,-14.8,-22.9,,-18.8,-16.4,-16.8,-16.3,-16.0,-14.8,9.5
J6,B1E-42,MISES,max,0.91,0.91,0.835,0.976,,0.357,0.447,0.561,0.67,0.78,0.835,0.838,0.0,-8.3,7.2,,-60.8,-50.9,-38.4,-26.4,-14.3,-8.3,-8.0
J6,B1E-42,MISES,mean,0.445,0.445,0.395,0.426,,0.267,0.298,0.327,0.355,0.382,0.395,0.337,0.0,-11.3,-4.3,,-40.1,-33.2,-26.5,-20.4,-14.3,-11.3,-24.3
J6,B1E-42,MISES,min,0.244,0.244,0.124,0.232,,0.188,0.085,0.083,0.099,0.116,0.124,0.201,0.0,-49.1,-5.1,,-23.0,-65.3,-66.2,-59.6,-52.4,-49.1,-17.8
J6,B1E-42,MISES,n_values,600,600,600,600,,60,180,300,420,540,600,300,,,,,,,,,,,
J6,B1E-42,MISES,p95,0.741,0.741,0.652,0.781,,0.354,0.439,0.482,0.553,0.598,0.652,0.67,0.0,-12.1,5.4,,-52.2,-40.8,-34.9,-25.4,-19.3,-12.1,-9.6
J6,B1E-42,S11,max,0.801,0.801,0.652,0.789,,0.133,0.25,0.37,0.483,0.595,0.652,0.811,0.0,-18.6,-1.4,,-83.5,-68.8,-53.7,-39.7,-25.7,-18.6,1.3
J6,B1E-42,S11,mean,-0.094,-0.094,-0.092,-0.093,,-0.092,-0.092,-0.092,-0.092,-0.092,-0.092,-0.092,0.0,2.2,1.1,,2.1,2.1,2.2,2.2,2.2,2.2,1.9
J6,B1E-42,S11,min,-0.908,-0.908,-0.835,-0.975,,-0.314,-0.434,-0.553,-0.666,-0.778,-0.835,-0.826,0.0,8.0,-7.4,,65.4,52.2,39.0,26.7,14.3,8.0,9.0
J6,B1E-42,S11,n_values,600,600,600,600,,60,180,300,420,540,600,300,,,,,,,,,,,
J6,B1E-42,S11,p95,0.584,0.584,0.445,0.569,,0.128,0.228,0.269,0.359,0.407,0.445,0.451,0.0,-23.8,-2.7,,-78.1,-61.0,-53.9,-38.5,-30.4,-23.8,-22.8
J6,B2_2B-44,MISES,max,7.143,7.143,7.638,8.053,,7.815,7.906,7.863,7.779,7.689,7.638,7.258,0.0,6.9,12.7,,9.4,10.7,10.1,8.9,7.6,6.9,1.6
J6,B2_2B-44,MISES,mean,4.435,4.435,4.211,4.048,,4.241,4.262,4.268,4.255,4.228,4.211,4.645,0.0,-5.0,-8.7,,-4.4,-3.9,-3.8,-4.1,-4.7,-5.0,4.7
J6,B2_2B-44,MISES,min,0.69,0.69,0.452,0.381,,0.566,0.539,0.511,0.485,0.462,0.452,0.718,0.0,-34.4,-44.8,,-17.9,-21.8,-25.9,-29.7,-33.0,-34.4,4.0
J6,B2_2B-44,MISES,n_values,750,750,750,750,,75,225,375,525,675,750,375,,,,,,,,,,,
J6,B2_2B-44,MISES,p95,6.879,6.879,7.272,7.499,,7.734,7.788,7.543,7.428,7.328,7.272,6.389,0.0,5.7,9.0,,12.4,13.2,9.7,8.0,6.5,5.7,-7.1
J6,B2_2B-44,S11,max,6.863,6.863,7.303,7.729,,7.399,7.541,7.507,7.442,7.354,7.303,6.751,0.0,6.4,12.6,,7.8,9.9,9.4,8.4,7.1,6.4,-1.6
J6,B2_2B-44,S11,mean,-0.167,-0.167,-0.167,-0.168,,-0.166,-0.167,-0.167,-0.167,-0.167,-0.167,-0.168,0.0,-0.4,-0.6,,0.3,-0.0,-0.4,-0.4,-0.4,-0.4,-0.5
J6,B2_2B-44,S11,min,-7.14,-7.14,-7.632,-8.065,,-7.731,-7.868,-7.836,-7.766,-7.681,-7.632,-7.128,0.0,-6.9,-12.9,,-8.3,-10.2,-9.7,-8.8,-7.6,-6.9,0.2
J6,B2_2B-44,S11,n_values,750,750,750,750,,75,225,375,525,675,750,375,,,,,,,,,,,
J6,B2_2B-44,S11,p95,6.582,6.582,6.84,7.037,,7.362,7.42,7.191,7.039,6.84,6.84,5.858,0.0,3.9,6.9,,11.9,12.7,9.3,6.9,3.9,3.9,-11.0
