joint,section_no,x_mm,stat,C25,C,B1,B2,D0,D1,D2,D3,D4,D5,D6,D3K,dev_C_vs_C25_%,dev_B1_vs_C25_%,dev_B2_vs_C25_%,dev_D0_vs_C25_%,dev_D1_vs_C25_%,dev_D2_vs_C25_%,dev_D3_vs_C25_%,dev_D4_vs_C25_%,dev_D5_vs_C25_%,dev_D6_vs_C25_%,dev_D3K_vs_C25_%
J3,1,-630.0,max,18.981,18.981,19.264,20.876,16.325,17.135,18.178,18.707,19.017,19.201,19.264,19.787,0.0,1.5,10.0,-14.0,-9.7,-4.2,-1.4,0.2,1.2,1.5,4.2
J3,1,-630.0,mean,-0.324,-0.324,-0.33,-0.319,-0.339,-0.338,-0.336,-0.334,-0.332,-0.331,-0.33,-0.325,0.0,-1.9,1.6,-4.7,-4.3,-3.7,-3.0,-2.4,-2.1,-1.9,-0.3
J3,1,-630.0,min,-20.07,-20.07,-20.358,-22.09,-17.23,-18.115,-19.221,-19.779,-20.101,-20.293,-20.358,-20.912,0.0,-1.4,-10.1,14.1,9.7,4.2,1.5,-0.2,-1.1,-1.4,-4.2
J3,1,-630.0,n_values,1170,1170,1170,1170,1170,1170,1170,1170,1170,1170,1170,1170,,,,,,,,,,,
J3,1,-630.0,p05,-11.928,-11.928,-12.048,-13.526,-10.644,-10.934,-11.265,-11.68,-11.895,-12.009,-12.048,-12.552,0.0,-1.0,-13.4,10.8,8.3,5.6,2.1,0.3,-0.7,-1.0,-5.2
J3,1,-630.0,p95,11.612,11.612,11.707,13.033,10.148,10.54,10.696,11.175,11.472,11.654,11.707,12.206,0.0,0.8,12.2,-12.6,-9.2,-7.9,-3.8,-1.2,0.4,0.8,5.1
J3,2,-680.0,max,11.512,11.512,11.605,13.403,11.014,11.234,10.589,11.089,11.375,11.546,11.605,12.171,0.0,0.8,16.4,-4.3,-2.4,-8.0,-3.7,-1.2,0.3,0.8,5.7
J3,2,-680.0,mean,-0.211,-0.211,-0.214,-0.211,-0.216,-0.216,-0.215,-0.214,-0.214,-0.214,-0.214,-0.212,0.0,-1.1,0.3,-2.4,-2.1,-1.7,-1.5,-1.3,-1.1,-1.1,-0.5
J3,2,-680.0,min,-12.045,-12.045,-12.122,-14.108,-11.416,-11.498,-11.024,-11.566,-11.874,-12.058,-12.122,-12.749,0.0,-0.6,-17.1,5.2,4.5,8.5,4.0,1.4,-0.1,-0.6,-5.9
J3,2,-680.0,n_values,810,810,810,810,810,810,810,810,810,810,810,810,,,,,,,,,,,
J3,2,-680.0,p05,-9.64,-9.64,-9.629,-11.243,-9.599,-9.582,-9.553,-9.627,-9.513,-9.575,-9.629,-10.285,0.0,0.1,-16.6,0.4,0.6,0.9,0.1,1.3,0.7,0.1,-6.7
J3,2,-680.0,p95,9.163,9.163,9.159,11.043,9.196,9.085,9.275,9.278,9.105,9.103,9.159,9.755,0.0,-0.0,20.5,0.4,-0.8,1.2,1.3,-0.6,-0.6,-0.0,6.5
J3,3,-730.0,max,9.499,9.499,9.527,11.985,10.843,11.382,11.033,10.296,9.724,9.466,9.527,10.254,0.0,0.3,26.2,14.2,19.8,16.2,8.4,2.4,-0.3,0.3,7.9
J3,3,-730.0,mean,-0.056,-0.056,-0.051,-0.07,-0.023,-0.039,-0.042,-0.046,-0.049,-0.051,-0.051,-0.06,0.0,8.5,-24.0,59.8,29.9,24.9,18.1,13.2,9.7,8.5,-6.7
J3,3,-730.0,min,-9.99,-9.99,-10.004,-12.368,-11.147,-11.558,-11.171,-10.479,-9.913,-9.939,-10.004,-10.7,0.0,-0.1,-23.8,-11.6,-15.7,-11.8,-4.9,0.8,0.5,-0.1,-7.1
J3,3,-730.0,n_values,615,615,615,615,540,615,615,615,615,615,615,615,,,,,,,,,,,
J3,3,-730.0,p05,-8.714,-8.714,-9.015,-10.65,-9.705,-9.67,-9.366,-9.118,-9.025,-8.984,-9.015,-9.177,0.0,-3.5,-22.2,-11.4,-11.0,-7.5,-4.6,-3.6,-3.1,-3.5,-5.3
J3,3,-730.0,p95,8.39,8.39,8.671,10.258,9.529,9.587,9.25,8.941,8.761,8.664,8.671,8.908,0.0,3.4,22.3,13.6,14.3,10.3,6.6,4.4,3.3,3.4,6.2
J3,4,-780.0,max,8.561,8.561,9.375,10.136,,,10.296,10.173,9.85,9.514,9.375,8.507,0.0,9.5,18.4,,,20.3,18.8,15.1,11.1,9.5,-0.6
J3,4,-780.0,mean,-0.156,-0.156,-0.157,-0.157,,,-0.157,-0.157,-0.157,-0.157,-0.157,-0.157,0.0,-0.3,-0.3,,,-0.2,-0.4,-0.4,-0.3,-0.3,-0.3
J3,4,-780.0,min,-8.802,-8.802,-9.657,-10.45,,,-10.609,-10.485,-10.151,-9.803,-9.657,-8.877,0.0,-9.7,-18.7,,,-20.5,-19.1,-15.3,-11.4,-9.7,-0.8
J3,4,-780.0,n_values,150,150,150,150,0,0,150,150,150,150,150,150,,,,,,,,,,,
J3,4,-780.0,p05,-8.36,-8.36,-9.131,-10.265,,,-10.454,-10.131,-9.661,-9.276,-9.131,-8.381,0.0,-9.2,-22.8,,,-25.1,-21.2,-15.6,-11.0,-9.2,-0.2
J3,4,-780.0,p95,8.14,8.14,8.887,9.951,,,10.147,9.842,9.392,9.024,8.887,8.051,0.0,9.2,22.2,,,24.7,20.9,15.4,10.9,9.2,-1.1
J3,5,-830.0,max,8.633,8.633,9.53,9.968,,,10.168,10.185,9.992,9.675,9.53,8.203,0.0,10.4,15.5,,,17.8,18.0,15.7,12.1,10.4,-5.0
J3,5,-830.0,mean,-0.156,-0.156,-0.157,-0.157,,,-0.157,-0.157,-0.157,-0.157,-0.157,-0.157,0.0,-0.3,-0.3,,,-0.2,-0.4,-0.4,-0.3,-0.3,-0.3
J3,5,-830.0,min,-8.881,-8.881,-9.821,-10.281,,,-10.482,-10.499,-10.3,-9.972,-9.821,-8.519,0.0,-10.6,-15.8,,,-18.0,-18.2,-16.0,-12.3,-10.6,4.1
J3,5,-830.0,n_values,150,150,150,150,0,0,75,150,150,150,150,150,,,,,,,,,,,
J3,5,-830.0,p05,-8.54,-8.54,-9.41,-10.128,,,-10.447,-10.34,-9.939,-9.562,-9.41,-8.132,0.0,-10.2,-18.6,,,-22.3,-21.1,-16.4,-12.0,-10.2,4.8
J3,5,-830.0,p95,8.322,8.322,9.149,9.815,,,10.136,10.038,9.654,9.292,9.149,7.83,0.0,9.9,17.9,,,21.8,20.6,16.0,11.7,9.9,-5.9
J3,6,-880.0,max,8.721,8.721,9.771,9.727,,,,10.043,10.067,9.899,9.771,7.819,0.0,12.0,11.5,,,,15.1,15.4,13.5,12.0,-10.3
J3,6,-880.0,mean,-0.156,-0.156,-0.157,-0.157,,,,-0.157,-0.157,-0.157,-0.157,-0.157,0.0,-0.3,-0.3,,,,-0.4,-0.4,-0.3,-0.3,-0.3
J3,6,-880.0,min,-8.981,-8.981,-10.075,-10.04,,,,-10.357,-10.379,-10.207,-10.075,-8.117,0.0,-12.2,-11.8,,,,-15.3,-15.6,-13.7,-12.2,9.6
J3,6,-880.0,n_values,150,150,150,150,0,0,0,75,150,150,150,75,,,,,,,,,,,
J3,6,-880.0,p05,-8.805,-8.805,-9.823,-9.921,,,,-10.334,-10.272,-9.98,-9.823,-7.952,0.0,-11.6,-12.7,,,,-17.4,-16.7,-13.3,-11.6,9.7
J3,6,-880.0,p95,8.564,8.564,9.536,9.608,,,,10.021,9.966,9.687,9.536,7.716,0.0,11.3,12.2,,,,17.0,16.4,13.1,11.3,-9.9
J3,7,-930.0,max,8.747,8.747,9.863,9.541,,,,,9.893,9.935,9.863,,0.0,12.8,9.1,,,,,13.1,13.6,12.8,
J3,7,-930.0,mean,-0.156,-0.156,-0.157,-0.157,,,,,-0.157,-0.157,-0.157,,0.0,-0.3,-0.3,,,,,-0.4,-0.3,-0.3,
J3,7,-930.0,min,-9.016,-9.016,-10.175,-9.855,,,,,-10.207,-10.247,-10.175,,0.0,-12.9,-9.3,,,,,-13.2,-13.7,-12.9,
J3,7,-930.0,n_values,150,150,150,150,0,0,0,0,75,150,150,0,,,,,,,,,,,
J3,7,-930.0,p05,-8.938,-8.938,-10.076,-9.752,,,,,-10.193,-10.162,-10.076,,0.0,-12.7,-9.1,,,,,-14.0,-13.7,-12.7,
J3,7,-930.0,p95,8.68,8.68,9.771,9.438,,,,,9.88,9.854,9.771,,0.0,12.6,8.7,,,,,13.8,13.5,12.6,
J3,8,-980.0,max,8.747,8.747,9.863,9.456,,,,,,9.89,9.863,,0.0,12.8,8.1,,,,,,13.1,12.8,
J3,8,-980.0,mean,-0.156,-0.156,-0.157,-0.157,,,,,,-0.157,-0.157,,0.0,-0.3,-0.3,,,,,,-0.3,-0.3,
J3,8,-980.0,min,-9.016,-9.016,-10.175,-9.77,,,,,,-10.204,-10.175,,0.0,-12.9,-8.4,,,,,,-13.2,-12.9,
J3,8,-980.0,n_values,150,150,150,150,0,0,0,0,0,150,150,0,,,,,,,,,,,
J3,8,-980.0,p05,-8.967,-8.967,-10.098,-9.671,,,,,,-10.036,-10.098,,0.0,-12.6,-7.9,,,,,,-11.9,-12.6,
J3,8,-980.0,p95,8.702,8.702,9.788,9.358,,,,,,9.723,9.788,,0.0,12.5,7.5,,,,,,11.7,12.5,
J3,9,-1030.0,max,8.721,8.721,9.641,9.29,,,,,,,9.641,,0.0,10.5,6.5,,,,,,,10.5,
J3,9,-1030.0,mean,-0.156,-0.156,-0.157,-0.157,,,,,,,-0.157,,0.0,-0.3,-0.3,,,,,,,-0.3,
J3,9,-1030.0,min,-8.999,-8.999,-9.954,-9.604,,,,,,,-9.954,,0.0,-10.6,-6.7,,,,,,,-10.6,
J3,9,-1030.0,n_values,75,75,75,75,0,0,0,0,0,0,75,0,,,,,,,,,,,
J3,9,-1030.0,p05,-8.976,-8.976,-9.946,-9.588,,,,,,,-9.946,,0.0,-10.8,-6.8,,,,,,,-10.8,
J3,9,-1030.0,p95,8.703,8.703,9.632,9.274,,,,,,,9.632,,0.0,10.7,6.6,,,,,,,10.7,
J6,1,-7490.0,max,15.15,15.15,14.511,15.941,11.693,12.53,13.492,13.996,14.282,14.453,14.511,15.032,0.0,-4.2,5.2,-22.8,-17.3,-10.9,-7.6,-5.7,-4.6,-4.2,-0.8
J6,1,-7490.0,mean,-0.048,-0.048,-0.052,-0.059,-0.047,-0.047,-0.049,-0.051,-0.051,-0.052,-0.052,-0.054,0.0,-8.3,-24.0,2.6,1.3,-2.4,-5.7,-7.1,-8.0,-8.3,-13.0
J6,1,-7490.0,min,-15.593,-15.593,-14.996,-16.276,-12.318,-13.13,-14.056,-14.529,-14.791,-14.944,-14.996,-15.442,0.0,3.8,-4.4,21.0,15.8,9.9,6.8,5.1,4.2,3.8,1.0
J6,1,-7490.0,n_values,1170,1170,1170,1170,1170,1170,1170,1170,1170,1170,1170,1170,,,,,,,,,,,
J6,1,-7490.0,p05,-9.572,-9.572,-9.144,-10.169,-7.62,-7.975,-8.298,-8.715,-8.958,-9.094,-9.144,-9.528,0.0,4.5,-6.2,20.4,16.7,13.3,8.9,6.4,5.0,4.5,0.5
J6,1,-7490.0,p95,8.982,8.982,8.592,9.763,7.305,7.629,7.9,8.257,8.457,8.558,8.592,9.006,0.0,-4.3,8.7,-18.7,-15.1,-12.0,-8.1,-5.8,-4.7,-4.3,0.3
J6,2,-7440.0,max,9.063,9.063,8.611,10.162,7.899,8.098,7.706,8.153,8.406,8.558,8.611,9.139,0.0,-5.0,12.1,-12.8,-10.7,-15.0,-10.0,-7.3,-5.6,-5.0,0.8
J6,2,-7440.0,mean,-0.122,-0.122,-0.125,-0.126,-0.123,-0.123,-0.124,-0.125,-0.125,-0.125,-0.125,-0.125,0.0,-1.8,-2.5,-0.4,-0.7,-1.3,-1.8,-1.9,-1.8,-1.8,-1.7
J6,2,-7440.0,min,-9.483,-9.483,-9.059,-10.464,-8.166,-8.463,-8.217,-8.64,-8.874,-9.013,-9.059,-9.519,0.0,4.5,-10.3,13.9,10.7,13.3,8.9,6.4,5.0,4.5,-0.4
J6,2,-7440.0,n_values,810,810,810,810,810,810,810,810,810,810,810,810,,,,,,,,,,,
J6,2,-7440.0,p05,-7.558,-7.558,-7.179,-8.624,-6.844,-6.941,-7.112,-7.163,-7.048,-7.135,-7.179,-7.676,0.0,5.0,-14.1,9.4,8.2,5.9,5.2,6.7,5.6,5.0,-1.6
J6,2,-7440.0,p95,7.223,7.223,6.839,8.122,6.608,6.715,6.762,6.843,6.787,6.794,6.839,7.36,0.0,-5.3,12.4,-8.5,-7.0,-6.4,-5.3,-6.0,-5.9,-5.3,1.9
J6,3,-7390.0,max,7.509,7.509,7.095,8.91,7.703,8.136,7.962,7.521,7.142,7.043,7.095,7.667,0.0,-5.5,18.7,2.6,8.4,6.0,0.2,-4.9,-6.2,-5.5,2.1
J6,3,-7390.0,mean,-0.245,-0.245,-0.245,-0.231,-0.262,-0.251,-0.251,-0.249,-0.247,-0.246,-0.245,-0.239,0.0,-0.3,5.4,-6.9,-2.8,-2.6,-1.9,-1.1,-0.5,-0.3,2.3
J6,3,-7390.0,min,-7.84,-7.84,-7.451,-9.38,-8.044,-8.577,-8.408,-7.888,-7.463,-7.403,-7.451,-8.05,0.0,5.0,-19.6,-2.6,-9.4,-7.2,-0.6,4.8,5.6,5.0,-2.7
J6,3,-7390.0,n_values,615,615,615,615,540,615,615,615,615,615,615,615,,,,,,,,,,,
J6,3,-7390.0,p05,-6.837,-6.837,-6.729,-7.997,-7.096,-7.253,-7.071,-6.884,-6.797,-6.758,-6.729,-6.968,0.0,1.6,-17.0,-3.8,-6.1,-3.4,-0.7,0.6,1.2,1.6,-1.9
J6,3,-7390.0,p95,6.607,6.607,6.42,7.641,6.671,6.772,6.65,6.504,6.432,6.418,6.42,6.598,0.0,-2.8,15.6,1.0,2.5,0.7,-1.6,-2.6,-2.9,-2.8,-0.1
J6,4,-7340.0,max,6.728,6.728,6.953,7.559,,,7.541,7.501,7.287,7.052,6.953,6.331,0.0,3.4,12.4,,,12.1,11.5,8.3,4.8,3.4,-5.9
J6,4,-7340.0,mean,-0.167,-0.167,-0.167,-0.168,,,-0.167,-0.167,-0.167,-0.167,-0.167,-0.168,0.0,-0.4,-0.6,,,-0.0,-0.4,-0.4,-0.4,-0.4,-0.5
J6,4,-7340.0,min,-6.957,-6.957,-7.231,-7.894,,,-7.868,-7.822,-7.59,-7.337,-7.231,-6.695,0.0,-3.9,-13.5,,,-13.1,-12.4,-9.1,-5.5,-3.9,3.8
J6,4,-7340.0,n_values,150,150,150,150,0,0,150,150,150,150,150,150,,,,,,,,,,,
J6,4,-7340.0,p05,-6.617,-6.617,-6.854,-7.756,,,-7.759,-7.565,-7.233,-6.96,-6.854,-6.319,0.0,-3.6,-17.2,,,-17.3,-14.3,-9.3,-5.2,-3.6,4.5
J6,4,-7340.0,p95,6.38,6.38,6.575,7.421,,,7.428,7.251,6.934,6.673,6.575,5.993,0.0,3.1,16.3,,,16.4,13.6,8.7,4.6,3.1,-6.1
J6,5,-7290.0,max,6.782,6.782,7.066,7.433,,,7.445,7.507,7.389,7.168,7.066,6.12,0.0,4.2,9.6,,,9.8,10.7,8.9,5.7,4.2,-9.8
J6,5,-7290.0,mean,-0.167,-0.167,-0.167,-0.168,,,-0.167,-0.167,-0.167,-0.167,-0.167,-0.168,0.0,-0.4,-0.6,,,-0.0,-0.4,-0.4,-0.4,-0.4,-0.5
J6,5,-7290.0,min,-7.023,-7.023,-7.357,-7.768,,,-7.777,-7.836,-7.704,-7.467,-7.357,-6.412,0.0,-4.8,-10.6,,,-10.7,-11.6,-9.7,-6.3,-4.8,8.7
J6,5,-7290.0,n_values,150,150,150,150,0,0,75,150,150,150,150,150,,,,,,,,,,,
J6,5,-7290.0,p05,-6.767,-6.767,-7.059,-7.654,,,-7.753,-7.723,-7.44,-7.168,-7.059,-6.136,0.0,-4.3,-13.1,,,-14.6,-14.1,-10.0,-5.9,-4.3,9.3
J6,5,-7290.0,p95,6.524,6.524,6.77,7.319,,,7.42,7.394,7.133,6.876,6.77,5.829,0.0,3.8,12.2,,,13.7,13.3,9.3,5.4,3.8,-10.7
J6,6,-7240.0,max,6.847,6.847,7.239,7.253,,,,7.399,7.442,7.329,7.239,5.826,0.0,5.7,5.9,,,,8.1,8.7,7.0,5.7,-14.9
J6,6,-7240.0,mean,-0.167,-0.167,-0.167,-0.168,,,,-0.167,-0.167,-0.167,-0.167,-0.168,0.0,-0.4,-0.6,,,,-0.4,-0.4,-0.4,-0.4,-0.5
J6,6,-7240.0,min,-7.107,-7.107,-7.553,-7.588,,,,-7.733,-7.766,-7.649,-7.553,-6.117,0.0,-6.3,-6.8,,,,-8.8,-9.3,-7.6,-6.3,13.9
J6,6,-7240.0,n_values,150,150,150,150,0,0,0,75,150,150,150,75,,,,,,,,,,,
J6,6,-7240.0,p05,-6.977,-6.977,-7.368,-7.499,,,,-7.717,-7.692,-7.482,-7.368,-6.003,0.0,-5.6,-7.5,,,,-10.6,-10.3,-7.3,-5.6,14.0
J6,6,-7240.0,p95,6.715,6.715,7.061,7.164,,,,7.383,7.362,7.168,7.061,5.751,0.0,5.1,6.7,,,,9.9,9.6,6.8,5.1,-14.4
J6,7,-7190.0,max,6.863,6.863,7.303,7.114,,,,,7.309,7.354,7.303,,0.0,6.4,3.6,,,,,6.5,7.1,6.4,
J6,7,-7190.0,mean,-0.167,-0.167,-0.167,-0.168,,,,,-0.167,-0.167,-0.167,,0.0,-0.4,-0.6,,,,,-0.4,-0.4,-0.4,
J6,7,-7190.0,min,-7.14,-7.14,-7.632,-7.449,,,,,-7.643,-7.681,-7.632,,0.0,-6.9,-4.3,,,,,-7.0,-7.6,-6.9,
J6,7,-7190.0,n_values,150,150,150,150,0,0,0,0,75,150,150,0,,,,,,,,,,,
J6,7,-7190.0,p05,-7.083,-7.083,-7.561,-7.372,,,,,-7.633,-7.622,-7.561,,0.0,-6.8,-4.1,,,,,-7.8,-7.6,-6.8,
J6,7,-7190.0,p95,6.806,6.806,7.233,7.037,,,,,7.299,7.29,7.233,,0.0,6.3,3.4,,,,,7.2,7.1,6.3,
J6,8,-7140.0,max,6.863,6.863,7.303,7.05,,,,,,7.319,7.303,,0.0,6.4,2.7,,,,,,6.6,6.4,
J6,8,-7140.0,mean,-0.167,-0.167,-0.167,-0.168,,,,,,-0.167,-0.167,,0.0,-0.4,-0.6,,,,,,-0.4,-0.4,
J6,8,-7140.0,min,-7.14,-7.14,-7.632,-7.385,,,,,,-7.651,-7.632,,0.0,-6.9,-3.4,,,,,,-7.2,-6.9,
J6,8,-7140.0,n_values,150,150,150,150,0,0,0,0,0,150,150,0,,,,,,,,,,,
J6,8,-7140.0,p05,-7.107,-7.107,-7.578,-7.312,,,,,,-7.528,-7.578,,0.0,-6.6,-2.9,,,,,,-5.9,-6.6,
J6,8,-7140.0,p95,6.823,6.823,7.246,6.977,,,,,,7.194,7.246,,0.0,6.2,2.2,,,,,,5.4,6.2,
J6,9,-7090.0,max,6.841,6.841,7.136,6.926,,,,,,,7.136,,0.0,4.3,1.2,,,,,,,4.3,
J6,9,-7090.0,mean,-0.167,-0.167,-0.167,-0.168,,,,,,,-0.167,,0.0,-0.4,-0.6,,,,,,,-0.4,
J6,9,-7090.0,min,-7.131,-7.131,-7.471,-7.261,,,,,,,-7.471,,0.0,-4.8,-1.8,,,,,,,-4.8,
J6,9,-7090.0,n_values,75,75,75,75,0,0,0,0,0,0,75,0,,,,,,,,,,,
J6,9,-7090.0,p05,-7.116,-7.116,-7.465,-7.25,,,,,,,-7.465,,0.0,-4.9,-1.9,,,,,,,-4.9,
J6,9,-7090.0,p95,6.824,6.824,7.13,6.914,,,,,,,7.13,,0.0,4.5,1.3,,,,,,,4.5,
