case,joint,n_matched_nodes,C_mean_U1_mm,C_mean_U3_mm,C_rms_U_mm,C_max_U_mm,case_mean_U1_mm,case_mean_U3_mm,case_rms_U_mm,case_max_U_mm,max_abs_diff_mm,rms_diff_mm,rel_rms_diff_%
C,J3,51739,-54.217,-0.826,54.365,69.004,-54.217,-0.826,54.365,69.004,1.6586,0.0156,0.03
C,J6,51739,-111.835,0.657,111.865,119.348,-111.835,0.657,111.865,119.348,1.2938,0.0092,0.01
B1,J3,44145,-53.737,-1.006,53.889,69.004,-54.607,-1.018,54.751,69.298,1.6241,0.8867,1.65
B1,J6,44145,-111.517,0.795,111.549,119.348,-110.581,0.737,110.611,118.116,1.2726,0.9437,0.85
B2,J3,44149,-53.736,-1.006,53.889,69.004,-52.237,-1.01,52.381,66.333,3.0421,1.5173,2.82
B2,J6,44149,-111.517,0.794,111.549,119.348,-105.766,0.773,105.796,113.144,6.2061,5.7531,5.16
D0,J3,41124,-53.697,-0.952,53.805,63.137,-61.082,-0.777,61.175,71.156,8.6547,7.3883,13.73
D0,J6,41124,-111.555,0.754,111.578,116.627,-125.75,0.334,125.766,130.453,15.8053,14.2024,12.73
D1,J3,41625,-53.702,-0.959,53.814,63.723,-58.499,-0.834,58.598,68.862,5.7466,4.7997,8.92
D1,J6,41625,-111.552,0.76,111.575,116.899,-120.25,0.448,120.268,125.263,10.0835,8.7051,7.8
D2,J3,42129,-53.708,-0.968,53.825,64.897,-56.504,-0.91,56.611,67.696,3.3613,2.7997,5.2
D2,J6,42129,-111.547,0.766,111.571,117.444,-115.286,0.579,115.307,120.882,5.0992,3.7463,3.36
D3,J3,42633,-53.714,-0.977,53.838,66.07,-55.572,-0.949,55.687,67.671,2.2509,1.8633,3.46
D3,J6,42633,-111.541,0.773,111.567,117.989,-112.958,0.651,112.981,119.119,2.773,1.427,1.28
D4,J3,43137,-53.721,-0.986,53.853,67.244,-55.02,-0.981,55.144,68.133,1.8213,1.3073,2.43
D4,J6,43137,-111.534,0.78,111.562,118.533,-111.613,0.694,111.638,118.325,1.4571,0.1557,0.14
D5,J3,43641,-53.729,-0.996,53.871,68.418,-54.707,-1.004,54.841,68.869,1.6659,0.9917,1.84
D5,J6,43641,-111.526,0.787,111.556,119.076,-110.843,0.722,110.87,118.101,1.0024,0.6941,0.62
D6,J3,43893,-53.733,-1.001,53.88,69.004,-54.605,-1.013,54.743,69.298,1.6241,0.8876,1.65
D6,J6,43893,-111.522,0.791,111.553,119.348,-110.586,0.733,110.614,118.116,1.2579,0.9435,0.85
D3K,J3,42633,-53.714,-0.977,53.838,66.07,-53.289,-0.992,53.407,64.849,1.9738,0.4605,0.86
D3K,J6,42633,-111.541,0.773,111.567,117.989,-108.027,0.745,108.052,114.166,3.8262,3.5156,3.15
