case,joint,class,n_elements,n_matched,C_S11_rms_MPa,C_S11_maxabs_MPa,case_S11_rms_MPa,case_S11_maxabs_MPa,S11_diff_rmse_MPa,S11_diff_maxabs_MPa,S11_rel_rmse_%,C_MISES_rms_MPa,C_MISES_maxabs_MPa,case_MISES_rms_MPa,case_MISES_maxabs_MPa,MISES_diff_rmse_MPa,MISES_diff_maxabs_MPa,MISES_rel_rmse_%
C,J3,dowel,4416,4416,187.304,945.991,187.304,945.991,0.0,0.0,0.0,190.472,952.266,190.472,952.266,0.0,0.0,0.0
C,J3,steel_corner,3213,3213,130.32,583.342,130.32,583.342,0.0,0.0,0.0,160.047,634.994,160.047,634.994,0.0,0.0,0.0
C,J3,steel_inter,3906,3906,6.406,47.494,6.406,47.494,0.0,0.0,0.0,45.848,170.297,45.848,170.297,0.0,0.0,0.0
C,J3,timber,26742,26742,6.357,63.873,6.357,63.873,0.0,0.0,0.0,6.954,62.286,6.954,62.286,0.0,0.0,0.0
C,J6,dowel,4416,4416,113.838,874.941,113.838,874.941,0.0,0.0,0.0,115.259,880.538,115.259,880.538,0.0,0.0,0.0
C,J6,steel_corner,3213,3213,102.9,486.072,102.9,486.072,0.0,0.0,0.0,127.909,538.547,127.909,538.547,0.0,0.0,0.0
C,J6,steel_inter,3906,3906,0.754,6.365,0.754,6.365,0.0,0.0,0.0,4.724,18.794,4.724,18.794,0.0,0.0,0.0
C,J6,timber,26742,26742,5.426,62.245,5.426,62.245,0.0,0.0,0.0,5.756,60.718,5.756,60.718,0.0,0.0,0.0
B1,J3,dowel,4416,4416,187.304,945.991,177.242,1066.07,100.964,1131.077,53.9,190.472,952.266,179.739,1070.66,83.504,921.635,43.84
B1,J3,steel_corner,3213,3213,130.32,583.342,133.329,594.027,3.103,17.93,2.38,160.047,634.994,163.823,645.154,3.992,18.915,2.49
B1,J3,steel_inter,3413,1,15.779,15.779,13.14,13.14,2.639,2.639,16.73,28.685,28.685,31.694,31.694,3.009,3.009,10.49
B1,J3,timber,26742,26742,6.357,63.873,6.359,63.526,0.776,11.996,12.21,6.954,62.286,6.928,61.924,0.737,12.829,10.61
B1,J6,dowel,4416,4416,113.838,874.941,109.377,843.686,18.235,164.499,16.02,115.259,880.538,110.784,848.688,15.503,140.428,13.45
B1,J6,steel_corner,3213,3213,102.9,486.072,99.636,470.335,3.296,15.737,3.2,127.909,538.547,123.725,520.729,4.23,17.818,3.31
B1,J6,steel_inter,3413,2,1.178,1.645,1.237,1.726,0.058,0.081,4.96,1.429,1.686,4.462,6.27,3.254,4.584,227.79
B1,J6,timber,26742,26742,5.426,62.245,5.195,59.636,0.356,3.051,6.56,5.756,60.718,5.524,58.148,0.343,3.009,5.96
B2,J3,dowel,4416,4416,187.304,945.991,173.097,1027.79,99.799,1094.867,53.28,190.472,952.266,175.302,1032.09,83.565,883.065,43.87
B2,J3,steel_corner,3213,3213,130.32,583.342,134.007,596.092,3.956,16.388,3.04,160.047,634.994,164.525,648.405,4.909,17.577,3.07
B2,J3,steel_inter,3413,1,15.779,15.779,12.669,12.669,3.11,3.11,19.71,28.685,28.685,30.077,30.077,1.392,1.392,4.85
B2,J3,timber,26742,26742,6.357,63.873,6.531,65.684,1.04,13.459,16.37,6.954,62.286,7.042,64.149,1.015,14.269,14.59
B2,J6,dowel,4416,4416,113.838,874.941,108.414,855.263,18.974,150.478,16.67,115.259,880.538,109.684,861.591,16.543,125.046,14.35
B2,J6,steel_corner,3213,3213,102.9,486.072,100.732,474.646,2.49,14.16,2.42,127.909,538.547,125.135,526.166,3.187,13.748,2.49
B2,J6,steel_inter,3413,2,1.178,1.645,1.123,1.543,0.107,0.111,9.08,1.429,1.686,4.985,6.982,3.746,5.296,262.23
B2,J6,timber,26742,26742,5.426,62.245,5.382,61.881,0.636,8.911,11.72,5.756,60.718,5.675,60.441,0.632,8.741,10.98
D0,J3,dowel,4416,4416,187.304,945.991,186.889,1236.82,110.352,1300.467,58.92,190.472,952.266,190.238,1242.48,90.339,1093.455,47.43
D0,J3,steel_corner,3213,3213,130.32,583.342,128.316,572.378,3.914,25.418,3.0,160.047,634.994,157.791,616.478,6.136,35.128,3.83
D0,J3,steel_inter,3413,1,15.779,15.779,15.239,15.239,0.54,0.54,3.42,28.685,28.685,40.633,40.633,11.948,11.948,41.65
D0,J3,timber,24792,24792,6.454,63.873,6.299,57.879,1.787,17.922,27.7,7.08,62.286,7.029,56.364,1.613,18.252,22.79
D0,J6,dowel,4416,4416,113.838,874.941,104.492,745.497,24.688,178.956,21.69,115.259,880.538,106.099,751.43,22.006,155.633,19.09
D0,J6,steel_corner,3213,3213,102.9,486.072,92.185,440.123,11.081,48.523,10.77,127.909,538.547,114.376,484.708,14.377,53.839,11.24
D0,J6,steel_inter,3413,2,1.178,1.645,1.283,1.785,0.427,0.587,36.21,1.429,1.686,4.489,6.15,3.173,4.464,222.12
D0,J6,timber,24792,24792,5.466,62.245,4.879,49.413,1.611,21.396,29.47,5.813,60.718,5.3,50.141,1.497,21.79,25.75
D1,J3,dowel,4416,4416,187.304,945.991,183.027,1183.96,106.982,1247.747,57.12,190.472,952.266,186.093,1189.29,87.632,1040.265,46.01
D1,J3,steel_corner,3213,3213,130.32,583.342,129.21,576.36,2.991,19.998,2.3,160.047,634.994,158.84,622.762,4.841,27.945,3.02
D1,J3,steel_inter,3413,1,15.779,15.779,14.566,14.566,1.213,1.213,7.69,28.685,28.685,37.705,37.705,9.019,9.019,31.44
D1,J3,timber,24987,24987,6.447,63.873,6.282,56.083,1.498,13.862,23.23,7.071,62.286,6.97,54.242,1.356,14.123,19.18
D1,J6,dowel,4416,4416,113.838,874.941,106.052,782.993,22.895,173.719,20.11,115.259,880.538,107.611,788.088,20.244,149.964,17.56
D1,J6,steel_corner,3213,3213,102.9,486.072,94.448,449.661,8.781,36.726,8.53,127.909,538.547,117.235,496.702,11.405,41.845,8.92
D1,J6,steel_inter,3413,2,1.178,1.645,1.234,1.734,0.334,0.463,28.3,1.429,1.686,4.335,6.002,3.053,4.316,213.73
D1,J6,timber,24987,24987,5.466,62.245,4.97,53.058,1.31,16.292,23.96,5.812,60.718,5.37,51.298,1.222,16.6,21.03
D2,J3,dowel,4416,4416,187.304,945.991,179.906,1124.47,103.69,1188.517,55.36,190.472,952.266,182.679,1129.41,85.232,980.385,44.75
D2,J3,steel_corner,3213,3213,130.32,583.342,131.234,585.158,2.144,14.794,1.64,160.047,634.994,161.27,634.32,3.401,16.324,2.12
D2,J3,steel_inter,3413,1,15.779,15.779,13.825,13.825,1.953,1.953,12.38,28.685,28.685,34.537,34.537,5.852,5.852,20.4
D2,J3,timber,25377,25377,6.431,63.873,6.32,60.132,1.125,11.686,17.49,7.048,62.286,6.958,58.409,1.03,10.906,14.61
D2,J6,dowel,4416,4416,113.838,874.941,107.805,820.194,20.585,168.413,18.08,115.259,880.538,109.296,824.727,17.955,144.359,15.58
D2,J6,steel_corner,3213,3213,102.9,486.072,97.063,460.219,6.072,25.853,5.9,127.909,538.547,120.5,509.51,7.873,29.037,6.16
D2,J6,steel_inter,3413,2,1.178,1.645,1.207,1.706,0.191,0.263,16.2,1.429,1.686,4.256,5.952,3.021,4.266,211.46
D2,J6,timber,25377,25377,5.462,62.245,5.08,56.803,0.896,9.536,16.4,5.805,60.718,5.452,55.184,0.839,9.716,14.46
D3,J3,dowel,4416,4416,187.304,945.991,178.98,1102.46,102.44,1166.857,54.69,190.472,952.266,181.626,1107.42,84.355,958.395,44.29
D3,J3,steel_corner,3213,3213,130.32,583.342,132.245,589.411,2.428,16.583,1.86,160.047,634.994,162.569,639.956,3.424,17.893,2.14
D3,J3,steel_inter,3413,1,15.779,15.779,13.602,13.602,2.177,2.177,13.8,28.685,28.685,33.34,33.34,4.655,4.655,16.23
D3,J3,timber,25767,25767,6.412,63.873,6.358,62.138,0.945,11.482,14.73,7.024,62.286,6.967,60.479,0.872,11.56,12.41
D3,J6,dowel,4416,4416,113.838,874.941,108.647,834.998,19.299,165.341,16.95,115.259,880.538,110.097,839.538,16.634,141.144,14.43
D3,J6,steel_corner,3213,3213,102.9,486.072,98.398,465.483,4.65,20.589,4.52,127.909,538.547,122.164,515.558,6.003,22.989,4.69
D3,J6,steel_inter,3413,2,1.178,1.645,1.204,1.698,0.102,0.134,8.64,1.429,1.686,4.322,6.067,3.108,4.381,217.59
D3,J6,timber,25767,25767,5.455,62.245,5.143,58.431,0.643,5.523,11.78,5.794,60.718,5.496,56.884,0.605,5.625,10.44
D4,J3,dowel,4416,4416,187.304,945.991,178.017,1082.26,101.588,1146.897,54.24,190.472,952.266,180.58,1087.02,83.841,937.995,44.02
D4,J3,steel_corner,3213,3213,130.32,583.342,132.862,591.996,2.767,17.362,2.12,160.047,634.994,163.28,642.926,3.664,18.486,2.29
D4,J3,steel_inter,3413,1,15.779,15.779,13.345,13.345,2.433,2.433,15.42,28.685,28.685,32.407,32.407,3.721,3.721,12.97
D4,J3,timber,26157,26157,6.391,63.873,6.365,62.977,0.843,11.341,13.19,6.997,62.286,6.954,61.353,0.789,12.218,11.27
D4,J6,dowel,4416,4416,113.838,874.941,109.076,840.759,18.643,164.728,16.38,115.259,880.538,110.502,845.471,15.942,140.588,13.83
D4,J6,steel_corner,3213,3213,102.9,486.072,99.109,468.243,3.875,17.829,3.77,127.909,538.547,123.054,518.559,4.986,19.988,3.9
D4,J6,steel_inter,3413,2,1.178,1.645,1.22,1.712,0.059,0.066,5.01,1.429,1.686,4.39,6.167,3.181,4.481,222.67
D4,J6,timber,26157,26157,5.444,62.245,5.175,59.166,0.487,4.176,8.95,5.78,60.718,5.517,57.656,0.462,4.172,8.0
D5,J3,dowel,4416,4416,187.304,945.991,177.442,1070.19,101.117,1135.077,53.99,190.472,952.266,179.955,1074.82,83.581,925.795,43.88
D5,J3,steel_corner,3213,3213,130.32,583.342,133.214,593.513,3.014,17.792,2.31,160.047,634.994,163.688,644.601,3.899,18.805,2.44
D5,J3,steel_inter,3413,1,15.779,15.779,13.192,13.192,2.587,2.587,16.39,28.685,28.685,31.872,31.872,3.186,3.186,11.11
D5,J3,timber,26547,26547,6.369,63.873,6.363,63.399,0.792,11.83,12.43,6.968,62.286,6.937,61.792,0.749,12.666,10.75
D5,J6,dowel,4416,4416,113.838,874.941,109.306,843.104,18.324,164.53,16.1,115.259,880.538,110.717,848.014,15.599,140.44,13.53
D5,J6,steel_corner,3213,3213,102.9,486.072,99.507,469.815,3.437,16.257,3.34,127.909,538.547,123.559,520.199,4.414,18.348,3.45
D5,J6,steel_inter,3413,2,1.178,1.645,1.232,1.722,0.054,0.077,4.62,1.429,1.686,4.443,6.243,3.235,4.557,226.43
D5,J6,timber,26547,26547,5.432,62.245,5.191,59.528,0.39,3.35,7.19,5.765,60.718,5.524,58.035,0.374,3.302,6.49
D6,J3,dowel,4416,4416,187.304,945.991,177.242,1066.07,100.964,1131.077,53.9,190.472,952.266,179.739,1070.66,83.504,921.635,43.84
D6,J3,steel_corner,3213,3213,130.32,583.342,133.329,594.027,3.103,17.93,2.38,160.047,634.994,163.823,645.154,3.992,18.915,2.49
D6,J3,steel_inter,3413,1,15.779,15.779,13.14,13.14,2.639,2.639,16.73,28.685,28.685,31.694,31.694,3.009,3.009,10.49
D6,J3,timber,26742,26742,6.357,63.873,6.359,63.526,0.776,11.996,12.21,6.954,62.286,6.928,61.924,0.737,12.829,10.61
D6,J6,dowel,4416,4416,113.838,874.941,109.377,843.686,18.235,164.499,16.02,115.259,880.538,110.784,848.688,15.503,140.428,13.45
D6,J6,steel_corner,3213,3213,102.9,486.072,99.636,470.335,3.296,15.737,3.2,127.909,538.547,123.725,520.729,4.23,17.818,3.31
D6,J6,steel_inter,3413,2,1.178,1.645,1.237,1.726,0.058,0.081,4.96,1.429,1.686,4.462,6.27,3.254,4.584,227.79
D6,J6,timber,26742,26742,5.426,62.245,5.195,59.636,0.356,3.051,6.56,5.756,60.718,5.524,58.148,0.343,3.009,5.96
D3K,J3,dowel,4416,4416,187.304,945.991,175.413,1048.01,100.242,1115.047,53.52,190.472,952.266,177.786,1052.6,83.274,903.575,43.72
D3K,J3,steel_corner,3213,3213,130.32,583.342,133.545,594.795,3.288,17.138,2.52,160.047,634.994,164.135,646.379,4.239,18.219,2.65
D3K,J3,steel_inter,3413,1,15.779,15.779,12.976,12.976,2.803,2.803,17.76,28.685,28.685,30.894,30.894,2.209,2.209,7.7
D3K,J3,timber,25767,25767,6.412,63.873,6.498,64.447,0.801,12.64,12.49,7.024,62.286,7.054,62.881,0.773,13.461,11.0
D3K,J6,dowel,4416,4416,113.838,874.941,109.151,846.846,18.187,159.459,15.98,115.259,880.538,110.501,852.791,15.542,134.842,13.48
D3K,J6,steel_corner,3213,3213,102.9,486.072,100.276,473.091,2.661,13.923,2.59,127.909,538.547,124.576,523.714,3.383,14.833,2.65
D3K,J6,steel_inter,3413,2,1.178,1.645,1.21,1.673,0.069,0.093,5.81,1.429,1.686,4.698,6.6,3.483,4.914,243.82
D3K,J6,timber,25767,25767,5.455,62.245,5.327,60.471,0.274,3.2,5.02,5.794,60.718,5.648,59.0,0.278,3.215,4.8
