case,role,job,nodes,elements,dofs,cpu_s,wall_s,user_s,system_s,n_recovery_odb,recovery_odb_mb,odb_mb,inp_mb,dat_mb,msg_mb,sta_mb,sim_mb,stt_mb,mdl_mb,prt_mb,total_mb,dat_found,completed
C25,global,C_GLOBAL_R25,,,,,,,,0,0.0,0.0,0.0,0.0,0.0,0.0,0.0,0.0,0.0,0.0,0.0,False,False
C,global,C-W500,418642,283455,1248186,338.0,236.0,258.0,80.0,0,0.0,159.93,6.297,0.244,0.01,0.0,0.0,0.0,0.0,2.616,169.098,True,True
B1,global,B1-GLOBAL-W500,95,11,570,134.0,54.0,106.0,28.0,11,122.702,0.256,0.015,0.031,0.01,0.0,0.0,0.0,0.0,0.003,123.018,True,True
B1,substructure,M52B1,53143,35043,157959,18.0,13.0,14.0,4.3,0,0.0,6.126,4.874,0.06,0.003,0.0,84.7,75.558,10.814,0.441,182.576,True,True
B1,substructure,M52B1main,29914,22847,89844,27.0,8.0,21.0,5.5,0,0.0,2.903,2.964,0.03,0.003,0.0,94.438,41.808,5.892,0.063,148.101,True,True
B1,substructure,M52B1top,37554,25467,112767,19.0,14.0,15.0,4.0,0,0.0,11.16,3.516,0.051,0.009,0.001,30.034,56.598,9.095,0.347,110.811,True,True
B1,substructure,M52B1foundation,13386,8598,40740,3.9,3.0,2.8,1.1,0,0.0,1.587,1.16,0.035,0.003,0.0,7.88,18.183,3.189,0.099,32.136,True,True
B2,global,B2-GLOBAL-W500,95,11,570,336.0,148.0,241.0,95.0,11,249.219,0.411,0.023,0.07,0.025,0.001,0.0,0.0,0.0,0.003,249.751,True,True
B2,substructure,M5B2,50362,33087,150918,22.0,10.0,18.0,4.4,0,0.0,5.84,4.602,0.055,0.003,0.0,31.951,77.114,10.385,0.425,130.376,True,True
B2,substructure,M52B2main,35470,26753,106548,16.0,12.0,12.0,4.8,0,0.0,3.494,3.497,0.037,0.003,0.0,143.876,49.205,7.599,0.103,207.814,True,True
B2,substructure,M52B2top,35638,24116,107586,16.0,13.0,13.0,2.9,0,0.0,11.068,3.328,0.048,0.009,0.001,18.403,53.775,8.757,0.334,95.722,True,True
B2,substructure,M52B2foundation,12526,7997,38154,10.0,4.0,8.2,1.8,0,0.0,1.519,1.078,0.037,0.003,0.0,5.904,16.967,3.019,0.096,28.622,True,True
D0,global,D0-GLOBAL,,,,,,,,0,0.0,0.0,0.0,0.0,0.0,0.0,0.0,0.0,0.0,0.0,0.0,False,False
D0,substructure,M52D0,,,,,,,,0,0.0,0.0,0.0,0.0,0.0,0.0,0.0,0.0,0.0,0.0,0.0,False,False
D0,substructure,M52D0main,,,,,,,,0,0.0,0.0,0.0,0.0,0.0,0.0,0.0,0.0,0.0,0.0,0.0,False,False
D0,substructure,M52D0top,,,,,,,,0,0.0,0.0,0.0,0.0,0.0,0.0,0.0,0.0,0.0,0.0,0.0,False,False
D0,substructure,M52D0foundation,,,,,,,,0,0.0,0.0,0.0,0.0,0.0,0.0,0.0,0.0,0.0,0.0,0.0,False,False
D1,global,D1-GLOBAL,,,,,,,,0,0.0,0.0,0.0,0.0,0.0,0.0,0.0,0.0,0.0,0.0,0.0,False,False
D1,substructure,M52D1,,,,,,,,0,0.0,0.0,0.0,0.0,0.0,0.0,0.0,0.0,0.0,0.0,0.0,False,False
D1,substructure,M52D1main,,,,,,,,0,0.0,0.0,0.0,0.0,0.0,0.0,0.0,0.0,0.0,0.0,0.0,False,False
D1,substructure,M52D1top,,,,,,,,0,0.0,0.0,0.0,0.0,0.0,0.0,0.0,0.0,0.0,0.0,0.0,False,False
D1,substructure,M52D1foundation,,,,,,,,0,0.0,0.0,0.0,0.0,0.0,0.0,0.0,0.0,0.0,0.0,0.0,False,False
D2,global,D2-GLOBAL,,,,,,,,0,0.0,0.0,0.0,0.0,0.0,0.0,0.0,0.0,0.0,0.0,0.0,False,False
D2,substructure,M52D2,,,,,,,,0,0.0,0.0,0.0,0.0,0.0,0.0,0.0,0.0,0.0,0.0,0.0,False,False
D2,substructure,M52D2main,,,,,,,,0,0.0,0.0,0.0,0.0,0.0,0.0,0.0,0.0,0.0,0.0,0.0,False,False
D2,substructure,M52D2top,,,,,,,,0,0.0,0.0,0.0,0.0,0.0,0.0,0.0,0.0,0.0,0.0,0.0,False,False
D2,substructure,M52D2foundation,,,,,,,,0,0.0,0.0,0.0,0.0,0.0,0.0,0.0,0.0,0.0,0.0,0.0,False,False
D3,global,D3-GLOBAL,,,,,,,,0,0.0,0.0,0.0,0.0,0.0,0.0,0.0,0.0,0.0,0.0,0.0,False,False
D3,substructure,M52D3,,,,,,,,0,0.0,0.0,0.0,0.0,0.0,0.0,0.0,0.0,0.0,0.0,0.0,False,False
D3,substructure,M52D3main,,,,,,,,0,0.0,0.0,0.0,0.0,0.0,0.0,0.0,0.0,0.0,0.0,0.0,False,False
D3,substructure,M52D3top,,,,,,,,0,0.0,0.0,0.0,0.0,0.0,0.0,0.0,0.0,0.0,0.0,0.0,False,False
D3,substructure,M52D3foundation,,,,,,,,0,0.0,0.0,0.0,0.0,0.0,0.0,0.0,0.0,0.0,0.0,0.0,False,False
D4,global,D4-GLOBAL,,,,,,,,0,0.0,0.0,0.0,0.0,0.0,0.0,0.0,0.0,0.0,0.0,0.0,False,False
D4,substructure,M52D4,,,,,,,,0,0.0,0.0,0.0,0.0,0.0,0.0,0.0,0.0,0.0,0.0,0.0,False,False
D4,substructure,M52D4main,,,,,,,,0,0.0,0.0,0.0,0.0,0.0,0.0,0.0,0.0,0.0,0.0,0.0,False,False
D4,substructure,M52D4top,,,,,,,,0,0.0,0.0,0.0,0.0,0.0,0.0,0.0,0.0,0.0,0.0,0.0,False,False
D4,substructure,M52D4foundation,,,,,,,,0,0.0,0.0,0.0,0.0,0.0,0.0,0.0,0.0,0.0,0.0,0.0,False,False
D5,global,D5-GLOBAL,,,,,,,,0,0.0,0.0,0.0,0.0,0.0,0.0,0.0,0.0,0.0,0.0,0.0,False,False
D5,substructure,M52D5,,,,,,,,0,0.0,0.0,0.0,0.0,0.0,0.0,0.0,0.0,0.0,0.0,0.0,False,False
D5,substructure,M52D5main,,,,,,,,0,0.0,0.0,0.0,0.0,0.0,0.0,0.0,0.0,0.0,0.0,0.0,False,False
D5,substructure,M52D5top,,,,,,,,0,0.0,0.0,0.0,0.0,0.0,0.0,0.0,0.0,0.0,0.0,0.0,False,False
D5,substructure,M52D5foundation,,,,,,,,0,0.0,0.0,0.0,0.0,0.0,0.0,0.0,0.0,0.0,0.0,0.0,False,False
D6,global,D6-GLOBAL,,,,,,,,0,0.0,0.0,0.0,0.0,0.0,0.0,0.0,0.0,0.0,0.0,0.0,False,False
D6,substructure,M52D6,,,,,,,,0,0.0,0.0,0.0,0.0,0.0,0.0,0.0,0.0,0.0,0.0,0.0,False,False
D6,substructure,M52D6main,,,,,,,,0,0.0,0.0,0.0,0.0,0.0,0.0,0.0,0.0,0.0,0.0,0.0,False,False
D6,substructure,M52D6top,,,,,,,,0,0.0,0.0,0.0,0.0,0.0,0.0,0.0,0.0,0.0,0.0,0.0,False,False
D6,substructure,M52D6foundation,,,,,,,,0,0.0,0.0,0.0,0.0,0.0,0.0,0.0,0.0,0.0,0.0,0.0,False,False
D3K,global,D3K-GLOBAL,,,,,,,,0,0.0,0.0,0.0,0.0,0.0,0.0,0.0,0.0,0.0,0.0,0.0,False,False
D3K,substructure,M52D3K,,,,,,,,0,0.0,0.0,0.0,0.0,0.0,0.0,0.0,0.0,0.0,0.0,0.0,False,False
D3K,substructure,M52D3Kmain,,,,,,,,0,0.0,0.0,0.0,0.0,0.0,0.0,0.0,0.0,0.0,0.0,0.0,False,False
D3K,substructure,M52D3Ktop,,,,,,,,0,0.0,0.0,0.0,0.0,0.0,0.0,0.0,0.0,0.0,0.0,0.0,False,False
D3K,substructure,M52D3Kfoundation,,,,,,,,0,0.0,0.0,0.0,0.0,0.0,0.0,0.0,0.0,0.0,0.0,0.0,False,False
